order_id,user_id,order_date,revenue,category,city,order_status
ORD-000879,U1081,2025-06-02,162.0,Beauty,Karaganda,completed
ORD-001127,U1111,2025-03-21,218.79,Sports,Shymkent,completed
ORD-000908,U1085,2025-04-22,35.35,Accessories,Astana,completed
ORD-000267,U1021,2025-08-27,178.02,Home,Astana,completed
ORD-000490,U1038,2025-11-03,170.64,Sports,Almaty,completed
ORD-000594,U1046,2025-06-07,56.67,Books,Astana,completed
ORD-000176,U1015,2025-08-06,92.9,Accessories,Shymkent,completed
ORD-000085,U1008,2025-07-13,222.54,Sports,Pavlodar,completed
ORD-001614,U1224,2024-01-19,46.26,Accessories,Almaty,completed
ORD-001094,U1106,2025-04-17,15.32,Clothing,Shymkent,completed
ORD-001817,U1254,2024-03-29,32.69,Books,Shymkent,completed
ORD-001166,U1115,2024-12-01,133.43,Beauty,Astana,completed
ORD-000736,U1064,2024-10-08,64.58,Books,Almaty,completed
ORD-000218,U1018,2025-08-09,188.59,Sports,Karaganda,completed
ORD-000434,U1034,2025-12-29,78.87,Beauty,Almaty,completed
ORD-001834,U1257,2024-02-04,63.9,Clothing,Almaty,completed
ORD-000283,U1022,2025-10-29,58.1,Books,Almaty,completed
ORD-001027,U1099,2025-01-22,69.91,Sports,Aktobe,completed
ORD-002073,U1355,2024-09-10,65.54,Home,Atyrau,completed
ORD-001502,U1210,2024-09-17,85.5,Beauty,Shymkent,completed
ORD-000075,U1007,2025-09-15,149.94,Books,Atyrau,completed
ORD-002006,U1329,2024-02-29,89.74,Electronics,Kostanay,completed
ORD-001218,U1142,2025-12-27,56.03,Accessories,Aktobe,completed
ORD-002052,U1347,2024-02-21,132.27,Books,Atyrau,completed
ORD-000971,U1091,2025-04-04,190.04,Home,Pavlodar,completed
ORD-001486,U1208,2024-06-29,164.28,Beauty,Kostanay,completed
ORD-001429,U1199,2024-10-06,166.69,Electronics,Pavlodar,completed
ORD-001961,U1310,2024-08-05,31.37,Books,Aktobe,completed
ORD-001220,U1143,2025-11-14,105.55,Home,Karaganda,completed
ORD-001448,U1202,2024-05-26,89.11,Beauty,Aktobe,completed
ORD-000047,U1005,2025-08-03,119.49,Accessories,Atyrau,completed
ORD-000541,U1042,2025-08-21,366.18,Beauty,Aktobe,completed
ORD-001518,U1212,2025-04-29,57.08,Accessories,Karaganda,completed
ORD-001787,U1249,2024-05-30,129.69,Sports,Kostanay,completed
ORD-000804,U1071,2025-10-08,126.13,Sports,Astana,completed
ORD-000775,U1068,2025-08-26,118.59,Sports,Almaty,completed
ORD-001201,U1133,2025-11-28,77.3,Sports,Aktobe,completed
ORD-001747,U1243,2024-01-06,142.02,Sports,Atyrau,completed
ORD-000338,U1027,2025-11-25,165.57,Sports,Karaganda,completed
ORD-000286,U1022,2025-12-26,68.39,Clothing,Almaty,completed
ORD-001272,U1172,2025-11-12,108.24,Home,Pavlodar,completed
ORD-000352,U1028,2025-12-05,117.94,Beauty,Shymkent,completed
ORD-000116,U1010,2025-07-23,74.46,Accessories,Kostanay,completed
ORD-001003,U1096,2024-08-26,65.73,Sports,Shymkent,completed
ORD-001325,U1185,2024-05-09,504.61,Electronics,Pavlodar,completed
ORD-000961,U1090,2025-03-03,76.88,Accessories,Shymkent,completed
ORD-001098,U1107,2024-08-09,130.21,Home,Kostanay,completed
ORD-000667,U1054,2025-11-13,229.16,Electronics,Aktobe,completed
ORD-000494,U1038,2025-11-21,99.2,Clothing,Almaty,completed
ORD-002128,U1313,2025-11-09,0,Clothing,Atyrau,cancelled
ORD-001083,U1105,2024-08-24,190.98,Electronics,Karaganda,completed
ORD-001082,U1105,2024-06-25,22.3,Books,Karaganda,completed
ORD-000568,U1044,2025-10-07,95.33,Books,Karaganda,completed
ORD-000592,U1045,2025-12-28,73.17,Books,Astana,completed
ORD-000785,U1069,2025-09-06,233.77,Clothing,Almaty,completed
ORD-000140,U1012,2025-07-30,168.53,Accessories,Astana,completed
ORD-000683,U1057,2025-11-15,156.09,Beauty,Aktobe,completed
ORD-000468,U1037,2025-07-18,136.49,Home,Kostanay,completed
ORD-001864,U1269,2024-02-26,36.86,Clothing,Aktobe,completed
ORD-000836,U1076,2024-07-26,145.39,Clothing,Astana,completed
ORD-001666,U1230,2024-11-23,175.26,Home,Almaty,completed
ORD-000896,U1083,2025-03-19,75.9,Sports,Almaty,completed
ORD-001845,U1261,2024-09-14,38.13,Beauty,Shymkent,completed
ORD-001075,U1104,2025-03-26,71.67,Clothing,Pavlodar,completed
ORD-000825,U1074,2024-10-15,96.62,Accessories,Pavlodar,completed
ORD-001304,U1182,2024-07-23,24.27,Clothing,Karaganda,completed
ORD-000857,U1078,2024-09-27,97.92,Clothing,Atyrau,completed
ORD-001169,U1116,2025-11-11,149.01,Accessories,Karaganda,completed
ORD-000554,U1043,2025-08-07,84.31,Accessories,Astana,completed
ORD-000048,U1005,2025-08-22,120.78,Sports,Atyrau,completed
ORD-001293,U1181,2024-07-25,124.44,Sports,Almaty,completed
ORD-001050,U1102,2024-10-30,87.12,Books,Almaty,completed
ORD-001576,U1219,2025-01-23,65.92,Accessories,Aktobe,completed
ORD-001375,U1192,2024-01-08,93.64,Accessories,Aktobe,completed
ORD-000783,U1069,2025-07-10,83.5,Clothing,Almaty,completed
ORD-000791,U1070,2024-07-30,93.84,Books,Shymkent,completed
ORD-001163,U1115,2024-09-09,308.03,Electronics,Astana,completed
ORD-001740,U1242,2024-05-13,113.51,Beauty,Astana,completed
ORD-000511,U1039,2025-12-10,345.27,Clothing,Atyrau,completed
ORD-001588,U1221,2024-01-15,107.09,Books,Pavlodar,completed
ORD-001136,U1112,2025-10-22,179.4,Home,Pavlodar,completed
ORD-001629,U1226,2024-07-15,83.88,Electronics,Kostanay,completed
ORD-000588,U1045,2025-11-28,392.16,Electronics,Astana,completed
ORD-000204,U1017,2025-09-10,70.38,Accessories,Kostanay,completed
ORD-000427,U1034,2025-08-29,393.04,Home,Almaty,completed
ORD-001762,U1245,2025-03-15,278.96,Electronics,Astana,completed
ORD-000633,U1051,2024-06-06,61.61,Books,Almaty,completed
ORD-001929,U1299,2024-04-24,70.36,Accessories,Aktobe,completed
ORD-001972,U1314,2024-03-26,34.19,Clothing,Shymkent,completed
ORD-000549,U1042,2025-11-19,153.38,Home,Aktobe,completed
ORD-000876,U1081,2024-06-02,46.1,Books,Karaganda,completed
ORD-000226,U1018,2025-10-14,112.51,Accessories,Karaganda,completed
ORD-000557,U1043,2025-09-16,30.74,Books,Astana,completed
ORD-001247,U1158,2025-11-28,121.1,Electronics,Karaganda,completed
ORD-000065,U1006,2025-08-30,69.81,Home,Almaty,completed
ORD-001246,U1158,2025-11-25,37.8,Books,Karaganda,completed
ORD-001855,U1264,2024-09-08,44.91,Home,Karaganda,completed
ORD-000306,U1024,2025-11-23,285.29,Beauty,Kostanay,completed
ORD-001119,U1110,2025-07-01,109.83,Home,Shymkent,completed
ORD-001909,U1291,2024-04-09,76.33,Beauty,Kostanay,completed
ORD-000988,U1093,2025-10-11,72.35,Clothing,Aktobe,completed
ORD-000006,U1001,2025-09-09,525.02,Home,Astana,completed
ORD-001355,U1189,2024-11-24,101.31,Home,Aktobe,completed
ORD-000029,U1003,2025-10-01,82.06,Books,Karaganda,completed
ORD-000593,U1046,2024-10-05,160.38,Electronics,Astana,completed
ORD-001270,U1171,2025-11-07,44.32,Accessories,Shymkent,completed
ORD-000236,U1019,2025-10-22,233.8,Home,Shymkent,completed
ORD-001738,U1241,2025-03-16,69.69,Sports,Atyrau,completed
ORD-001182,U1124,2025-12-31,422.85,Electronics,Aktobe,completed
ORD-000982,U1093,2024-08-27,777.46,Sports,Aktobe,completed
ORD-000744,U1064,2025-11-18,113.25,Clothing,Almaty,completed
ORD-000269,U1021,2025-09-18,112.52,Sports,Astana,completed
ORD-001173,U1119,2025-11-08,51.23,Beauty,Atyrau,completed
ORD-001706,U1236,2024-04-27,464.7,Electronics,Atyrau,completed
ORD-001930,U1299,2024-05-27,85.66,Sports,Aktobe,completed
ORD-001665,U1230,2024-06-01,148.58,Sports,Almaty,completed
ORD-000224,U1018,2025-10-04,118.1,Accessories,Karaganda,completed
ORD-000217,U1018,2025-07-25,114.89,Books,Karaganda,completed
ORD-001235,U1150,2025-12-01,24.76,Books,Atyrau,completed
ORD-001732,U1240,2025-04-10,275.9,Home,Pavlodar,completed
ORD-000753,U1066,2024-08-01,112.78,Sports,Karaganda,completed
ORD-000105,U1009,2025-08-24,49.57,Books,Almaty,completed
ORD-000833,U1075,2025-06-19,22.26,Books,Shymkent,completed
ORD-002004,U1327,2024-08-15,206.91,Books,Astana,completed
ORD-001984,U1319,2024-10-27,112.41,Sports,Astana,completed
ORD-000572,U1044,2025-11-05,181.82,Electronics,Karaganda,completed
ORD-001820,U1254,2024-10-04,94.25,Sports,Shymkent,completed
ORD-000162,U1014,2025-08-08,176.32,Home,Almaty,completed
ORD-001215,U1141,2025-12-13,87.21,Electronics,Pavlodar,completed
ORD-001501,U1210,2024-09-10,210.61,Home,Shymkent,completed
ORD-000103,U1009,2025-08-04,192.63,Accessories,Almaty,completed
ORD-001756,U1244,2025-04-01,101.73,Sports,Aktobe,completed
ORD-001681,U1232,2024-06-26,61.06,Home,Pavlodar,completed
ORD-001994,U1324,2024-04-01,28.96,Beauty,Karaganda,completed
ORD-000106,U1009,2025-09-05,142.61,Books,Almaty,completed
ORD-001999,U1325,2024-08-30,24.07,Beauty,Almaty,completed
ORD-001725,U1239,2025-01-17,225.36,Beauty,Atyrau,completed
ORD-000322,U1026,2025-09-06,174.77,Electronics,Almaty,completed
ORD-001721,U1238,2024-11-20,189.53,Electronics,Shymkent,completed
ORD-001832,U1256,2024-09-21,32.43,Books,Almaty,completed
ORD-001196,U1131,2025-11-22,44.52,Accessories,Astana,completed
ORD-000974,U1092,2024-06-01,35.35,Accessories,Atyrau,completed
ORD-001578,U1219,2025-03-20,88.19,Accessories,Aktobe,completed
ORD-001595,U1221,2025-05-24,361.9,Electronics,Pavlodar,completed
ORD-001086,U1105,2024-10-28,59.55,Beauty,Karaganda,completed
ORD-000036,U1004,2025-07-25,152.43,Sports,Pavlodar,completed
ORD-000934,U1088,2024-05-16,65.08,Accessories,Almaty,completed
ORD-001011,U1097,2024-07-31,35.11,Books,Pavlodar,completed
ORD-000281,U1022,2025-09-04,55.04,Beauty,Almaty,completed
ORD-000751,U1065,2025-07-21,104.53,Sports,Pavlodar,completed
ORD-000887,U1082,2025-11-23,84.4,Clothing,Karaganda,completed
ORD-000925,U1087,2024-09-19,108.97,Accessories,Aktobe,completed
ORD-001678,U1232,2024-03-02,115.76,Sports,Pavlodar,completed
ORD-001036,U1100,2024-10-19,41.26,Beauty,Pavlodar,completed
ORD-001793,U1249,2025-02-13,341.36,Clothing,Kostanay,completed
ORD-001413,U1197,2025-01-01,193.81,Beauty,Atyrau,completed
ORD-000538,U1041,2025-12-29,87.64,Sports,Almaty,completed
ORD-001060,U1103,2024-10-28,86.39,Home,Astana,completed
ORD-001188,U1128,2025-11-11,61.13,Clothing,Aktobe,completed
ORD-001329,U1185,2024-11-04,40.11,Books,Pavlodar,completed
ORD-001825,U1255,2024-07-06,434.88,Electronics,Kostanay,completed
ORD-000442,U1035,2025-09-26,85.89,Sports,Astana,completed
ORD-000178,U1015,2025-08-29,63.67,Books,Shymkent,completed
ORD-000413,U1033,2025-11-15,74.58,Beauty,Karaganda,completed
ORD-000792,U1070,2024-08-02,79.67,Accessories,Shymkent,completed
ORD-000209,U1017,2025-10-10,93.39,Sports,Kostanay,completed
ORD-000141,U1012,2025-08-08,101.9,Beauty,Astana,completed
ORD-000451,U1035,2025-12-10,225.48,Sports,Astana,completed
ORD-000872,U1080,2025-02-27,155.91,Sports,Shymkent,completed
ORD-001742,U1242,2024-08-15,234.67,Electronics,Astana,completed
ORD-001770,U1246,2025-05-20,157.4,Home,Astana,completed
ORD-001171,U1117,2025-12-24,110.77,Beauty,Astana,completed
ORD-000950,U1089,2024-10-15,104.02,Clothing,Karaganda,completed
ORD-000410,U1033,2025-10-03,162.4,Home,Karaganda,completed
ORD-001731,U1240,2025-01-25,45.6,Sports,Pavlodar,completed
ORD-000436,U1035,2025-07-14,369.94,Electronics,Astana,completed
ORD-000005,U1001,2025-09-01,81.89,Accessories,Astana,completed
ORD-002108,U1117,2025-12-20,,Books,Kostanay,completed
ORD-000774,U1068,2025-08-03,142.62,Sports,Almaty,completed
ORD-000814,U1073,2024-12-14,162.22,Sports,Aktobe,completed
ORD-000271,U1021,2025-10-01,363.04,Electronics,Astana,completed
ORD-000337,U1027,2025-11-09,119.42,Beauty,Karaganda,completed
ORD-000790,U1070,2024-07-21,234.67,Electronics,Shymkent,completed
ORD-001499,U1210,2024-05-30,226.14,Home,Shymkent,completed
ORD-001700,U1235,2024-02-13,121.34,Books,Atyrau,completed
ORD-000051,U1005,2025-09-15,136.81,Accessories,Atyrau,completed
ORD-001899,U1285,2024-05-21,49.16,Clothing,Karaganda,completed
ORD-001606,U1223,2024-05-10,440.6,Electronics,Kostanay,completed
ORD-001195,U1131,2025-11-08,44.69,Clothing,Astana,completed
ORD-000028,U1003,2025-09-21,111.29,Books,Karaganda,completed
ORD-001315,U1184,2024-01-11,149.61,Accessories,Almaty,completed
ORD-001302,U1182,2024-06-09,203.91,Electronics,Karaganda,completed
ORD-001022,U1098,2025-09-06,67.99,Sports,Atyrau,completed
ORD-000651,U1053,2024-09-12,53.1,Books,Shymkent,completed
ORD-001682,U1232,2024-10-20,78.97,Accessories,Pavlodar,completed
ORD-001556,U1217,2024-11-01,150.81,Electronics,Kostanay,completed
ORD-000564,U1044,2025-07-23,260.54,Home,Karaganda,completed
ORD-001423,U1198,2024-10-13,321.57,Home,Aktobe,completed
ORD-002036,U1341,2024-09-12,52.56,Home,Almaty,completed
ORD-000508,U1039,2025-11-02,81.81,Electronics,Atyrau,completed
ORD-001705,U1235,2025-04-05,206.81,Home,Atyrau,completed
ORD-001822,U1254,2025-05-29,100.64,Sports,Shymkent,completed
ORD-001785,U1249,2024-03-11,200.62,Home,Kostanay,completed
ORD-001837,U1258,2024-03-13,65.34,Clothing,Almaty,completed
ORD-001120,U1110,2025-08-29,139.6,Clothing,Shymkent,completed
ORD-002022,U1337,2024-05-09,64.03,Clothing,Pavlodar,completed
ORD-000393,U1032,2025-07-09,96.88,Accessories,Shymkent,completed
ORD-001342,U1187,2025-02-22,101.11,Sports,Astana,completed
ORD-001852,U1263,2024-05-01,132.94,Home,Kostanay,completed
ORD-001843,U1261,2024-04-17,91.53,Beauty,Shymkent,completed
ORD-001248,U1158,2025-12-16,115.18,Sports,Karaganda,completed
ORD-001566,U1218,2024-06-14,99.81,Sports,Kostanay,completed
ORD-001463,U1203,2025-05-31,121.88,Clothing,Astana,completed
ORD-000618,U1049,2025-03-15,162.7,Sports,Kostanay,completed
ORD-000003,U1001,2025-08-05,207.08,Sports,Astana,completed
ORD-001875,U1275,2024-01-30,82.57,Electronics,Almaty,completed
ORD-001422,U1198,2024-09-10,121.71,Clothing,Aktobe,completed
ORD-001505,U1211,2024-06-23,189.3,Sports,Pavlodar,completed
ORD-000469,U1037,2025-07-28,208.44,Home,Kostanay,completed
ORD-001947,U1305,2024-08-25,35.12,Accessories,Karaganda,completed
ORD-000473,U1037,2025-09-01,134.95,Beauty,Kostanay,completed
ORD-000692,U1058,2025-08-28,198.3,Electronics,Kostanay,completed
ORD-001657,U1229,2024-05-06,120.25,Sports,Aktobe,completed
ORD-001009,U1097,2024-05-09,170.13,Electronics,Pavlodar,completed
ORD-001338,U1187,2024-05-01,186.58,Clothing,Astana,completed
ORD-001412,U1197,2024-07-29,201.78,Electronics,Atyrau,completed
ORD-001937,U1302,2024-05-05,106.83,Clothing,Almaty,completed
ORD-001591,U1221,2024-07-13,53.6,Accessories,Pavlodar,completed
ORD-000016,U1002,2025-09-29,149.62,Clothing,Shymkent,completed
ORD-001722,U1238,2025-02-20,366.3,Electronics,Shymkent,completed
ORD-002047,U1344,2024-08-25,54.66,Home,Kostanay,completed
ORD-001631,U1226,2024-09-15,168.96,Electronics,Kostanay,completed
ORD-001527,U1214,2024-03-07,73.84,Books,Astana,completed
ORD-000153,U1013,2025-07-14,165.26,Electronics,Atyrau,completed
ORD-002064,U1352,2024-10-19,74.5,Accessories,Pavlodar,completed
ORD-001642,U1227,2024-11-28,71.77,Accessories,Karaganda,completed
ORD-001531,U1214,2024-12-06,128.24,Home,Astana,completed
ORD-002030,U1340,2024-03-06,118.86,Beauty,Pavlodar,completed
ORD-000052,U1005,2025-09-19,185.23,Clothing,Atyrau,completed
ORD-000138,U1011,2025-11-25,168.86,Home,Shymkent,completed
ORD-000958,U1090,2024-07-06,81.96,Beauty,Shymkent,completed
ORD-002106,U1126,2025-05-12,,Accessories,Shymkent,completed
ORD-001986,U1320,2024-04-28,42.66,Beauty,Karaganda,completed
ORD-001671,U1231,2024-02-27,247.53,Books,Pavlodar,completed
ORD-000316,U1025,2025-11-19,187.19,Clothing,Karaganda,completed
ORD-000709,U1060,2025-10-18,74.96,Books,Pavlodar,completed
ORD-001535,U1214,2025-05-18,52.77,Books,Astana,completed
ORD-000492,U1038,2025-11-04,88.5,Books,Almaty,completed
ORD-000038,U1004,2025-09-29,379.21,Electronics,Pavlodar,completed
ORD-001431,U1199,2025-01-11,175.58,Accessories,Pavlodar,completed
ORD-000446,U1035,2025-10-24,110.37,Beauty,Astana,completed
ORD-000159,U1013,2025-11-10,119.38,Home,Atyrau,completed
ORD-001180,U1124,2025-11-23,58.79,Home,Aktobe,completed
ORD-001045,U1101,2024-08-31,33.31,Books,Almaty,completed
ORD-001800,U1250,2025-05-30,267.92,Electronics,Karaganda,completed
ORD-001949,U1306,2024-07-23,53.12,Beauty,Atyrau,completed
ORD-001296,U1181,2024-12-07,226.6,Sports,Almaty,completed
ORD-001214,U1140,2025-12-28,116.81,Electronics,Pavlodar,completed
ORD-000764,U1067,2024-12-22,126.85,Clothing,Almaty,completed
ORD-001828,U1255,2025-03-23,154.57,Home,Kostanay,completed
ORD-000623,U1050,2024-06-20,141.01,Home,Kostanay,completed
ORD-000479,U1037,2025-12-13,260.96,Home,Kostanay,completed
ORD-001980,U1317,2024-06-18,87.1,Home,Astana,completed
ORD-000620,U1049,2025-05-17,40.9,Sports,Kostanay,completed
ORD-000895,U1083,2025-03-06,214.91,Electronics,Almaty,completed
ORD-000610,U1048,2025-06-02,125.55,Sports,Pavlodar,completed
ORD-000838,U1076,2024-12-21,107.45,Home,Astana,completed
ORD-000750,U1065,2025-05-04,377.39,Home,Pavlodar,completed
ORD-000537,U1041,2025-12-27,188.02,Sports,Almaty,completed
ORD-001861,U1267,2024-09-21,18.51,Beauty,Astana,completed
ORD-000619,U1049,2025-04-11,97.51,Beauty,Kostanay,completed
ORD-001184,U1126,2025-12-13,51.91,Accessories,Astana,completed
ORD-001341,U1187,2025-01-13,144.92,Beauty,Astana,completed
ORD-000596,U1046,2025-11-14,54.92,Accessories,Astana,completed
ORD-000357,U1029,2025-09-20,112.61,Clothing,Aktobe,completed
ORD-000262,U1021,2025-08-05,133.93,Home,Astana,completed
ORD-000946,U1089,2024-08-01,136.15,Home,Karaganda,completed
ORD-000605,U1048,2024-07-08,173.02,Home,Pavlodar,completed
ORD-001541,U1215,2025-05-04,121.67,Sports,Almaty,completed
ORD-000706,U1060,2024-09-26,331.22,Electronics,Pavlodar,completed
ORD-000128,U1010,2025-11-29,69.26,Books,Kostanay,completed
ORD-000650,U1053,2024-05-20,22.34,Books,Shymkent,completed
ORD-001774,U1247,2024-04-15,143.12,Electronics,Atyrau,completed
ORD-001568,U1218,2024-09-19,96.63,Books,Kostanay,completed
ORD-001130,U1112,2024-06-26,265.69,Clothing,Pavlodar,completed
ORD-001012,U1097,2024-09-08,79.11,Accessories,Pavlodar,completed
ORD-001635,U1226,2025-04-04,41.09,Beauty,Kostanay,completed
ORD-001763,U1246,2024-02-20,98.59,Home,Astana,completed
ORD-001559,U1217,2025-05-10,69.07,Clothing,Kostanay,completed
ORD-000144,U1012,2025-09-06,132.06,Sports,Astana,completed
ORD-001552,U1216,2025-04-13,96.81,Home,Atyrau,completed
ORD-002011,U1332,2024-05-12,27.12,Books,Karaganda,completed
ORD-000120,U1010,2025-09-10,183.39,Electronics,Kostanay,completed
ORD-001089,U1105,2025-02-08,108.7,Sports,Karaganda,completed
ORD-001051,U1102,2024-10-30,71.66,Home,Almaty,completed
ORD-000127,U1010,2025-11-23,116.03,Clothing,Kostanay,completed
ORD-000320,U1026,2025-07-21,130.23,Beauty,Almaty,completed
ORD-001029,U1099,2025-08-28,115.72,Home,Aktobe,completed
ORD-001275,U1173,2025-12-11,118.69,Home,Kostanay,completed
ORD-001291,U1181,2024-02-22,119.85,Sports,Almaty,completed
ORD-001259,U1165,2025-11-23,104.14,Electronics,Shymkent,completed
ORD-001696,U1234,2024-08-25,125.15,Sports,Shymkent,completed
ORD-000809,U1072,2025-08-31,289.58,Electronics,Aktobe,completed
ORD-001630,U1226,2024-07-25,66.92,Accessories,Kostanay,completed
ORD-000871,U1080,2025-01-25,22.85,Books,Shymkent,completed
ORD-001337,U1187,2024-04-22,175.86,Electronics,Astana,completed
ORD-000630,U1050,2025-05-31,68.66,Books,Kostanay,completed
ORD-001044,U1101,2024-07-28,222.49,Books,Almaty,completed
ORD-001964,U1311,2024-07-09,105.84,Electronics,Karaganda,completed
ORD-001283,U1177,2025-11-26,136.1,Electronics,Almaty,completed
ORD-000307,U1024,2025-12-13,45.04,Books,Kostanay,completed
ORD-001853,U1263,2024-06-14,40.11,Clothing,Kostanay,completed
ORD-000220,U1018,2025-09-04,41.08,Books,Karaganda,completed
ORD-001773,U1247,2024-02-18,206.25,Sports,Atyrau,completed
ORD-000625,U1050,2024-10-14,84.97,Accessories,Kostanay,completed
ORD-001970,U1313,2024-09-07,110.53,Home,Almaty,completed
ORD-000535,U1041,2025-12-16,139.8,Home,Almaty,completed
ORD-001620,U1225,2024-01-14,128.25,Beauty,Atyrau,completed
ORD-000690,U1058,2025-08-07,261.41,Electronics,Kostanay,completed
ORD-001865,U1269,2024-10-06,100.5,Sports,Aktobe,completed
ORD-000111,U1009,2025-11-22,276.48,Electronics,Almaty,completed
ORD-000688,U1058,2025-05-08,87.15,Beauty,Kostanay,completed
ORD-002020,U1336,2024-08-12,51.45,Accessories,Shymkent,completed
ORD-001711,U1236,2025-05-12,291.86,Home,Atyrau,completed
ORD-000763,U1067,2024-12-03,188.26,Electronics,Almaty,completed
ORD-000149,U1012,2025-12-08,280.21,Beauty,Astana,completed
ORD-001594,U1221,2025-05-06,172.72,Electronics,Pavlodar,completed
ORD-000587,U1045,2025-11-02,92.33,Electronics,Astana,completed
ORD-000166,U1014,2025-10-23,237.71,Electronics,Almaty,completed
ORD-001625,U1225,2024-12-05,114.59,Electronics,Atyrau,completed
ORD-001258,U1164,2025-12-28,93.35,Home,Kostanay,completed
ORD-001053,U1102,2025-01-27,129.28,Books,Almaty,completed
ORD-001912,U1292,2024-06-29,73.44,Sports,Atyrau,completed
ORD-000675,U1056,2024-07-04,85.67,Books,Kostanay,completed
ORD-002043,U1343,2024-09-30,32.36,Beauty,Kostanay,completed
ORD-000603,U1047,2025-07-31,31.4,Accessories,Atyrau,completed
ORD-000222,U1018,2025-09-19,224.2,Clothing,Karaganda,completed
ORD-001462,U1203,2025-05-20,399.85,Home,Astana,completed
ORD-001758,U1245,2024-07-09,166.54,Electronics,Astana,completed
ORD-002102,U1104,,107.25,Electronics,Pavlodar,completed
ORD-000987,U1093,2025-08-14,30.77,Beauty,Aktobe,completed
ORD-000806,U1072,2024-10-30,47.02,Books,Aktobe,completed
ORD-000521,U1040,2025-12-01,184.8,Sports,Astana,completed
ORD-001960,U1310,2024-01-12,38.23,Beauty,Aktobe,completed
ORD-000893,U1083,2024-12-14,29.03,Books,Almaty,completed
ORD-001428,U1199,2024-07-02,171.88,Electronics,Pavlodar,completed
ORD-000771,U1068,2024-12-08,71.6,Clothing,Almaty,completed
ORD-000255,U1020,2025-09-28,112.29,Accessories,Astana,completed
ORD-000012,U1002,2025-08-13,249.46,Sports,Shymkent,completed
ORD-000868,U1079,2025-04-30,46.24,Books,Almaty,completed
ORD-001883,U1278,2024-09-23,28.61,Accessories,Karaganda,completed
ORD-000997,U1095,2025-01-20,189.62,Home,Karaganda,completed
ORD-001713,U1237,2024-04-04,32.89,Books,Aktobe,completed
ORD-002039,U1342,2024-06-26,20.48,Books,Astana,completed
ORD-000201,U1017,2025-07-26,163.15,Electronics,Kostanay,completed
ORD-001219,U1143,2025-11-10,134.62,Electronics,Karaganda,completed
ORD-001622,U1225,2024-04-24,63.55,Sports,Atyrau,completed
ORD-000686,U1058,2024-12-15,92.37,Beauty,Kostanay,completed
ORD-000486,U1038,2025-10-07,244.55,Home,Almaty,completed
ORD-001249,U1159,2025-11-20,112.79,Home,Aktobe,completed
ORD-000532,U1041,2025-09-27,67.26,Books,Almaty,completed
ORD-002044,U1344,2024-01-21,198.62,Electronics,Kostanay,completed
ORD-000560,U1043,2025-12-23,153.84,Home,Astana,completed
ORD-001548,U1216,2024-08-02,608.76,Electronics,Atyrau,completed
ORD-000008,U1001,2025-11-29,136.25,Beauty,Astana,completed
ORD-000955,U1089,2025-08-04,63.32,Sports,Karaganda,completed
ORD-002092,,2025-09-02,207.45,Clothing,Atyrau,completed
ORD-001392,U1194,2024-02-23,75.04,Accessories,Pavlodar,completed
ORD-001320,U1184,2024-12-12,34.88,Books,Almaty,completed
ORD-000891,U1083,2024-09-16,117.13,Beauty,Almaty,completed
ORD-001977,U1316,2024-09-22,108.32,Clothing,Karaganda,completed
ORD-001472,U1205,2024-03-08,518.63,Electronics,Kostanay,completed
ORD-000013,U1002,2025-08-23,426.09,Home,Shymkent,completed
ORD-001261,U1166,2025-12-13,97.0,Electronics,Aktobe,completed
ORD-000553,U1043,2025-07-11,252.4,Electronics,Astana,completed
ORD-001414,U1197,2025-01-06,110.05,Accessories,Atyrau,completed
ORD-000079,U1007,2025-10-13,164.54,Accessories,Atyrau,completed
ORD-001504,U1211,2024-05-17,125.09,Clothing,Pavlodar,completed
ORD-000981,U1093,2024-08-09,37.39,Accessories,Aktobe,completed
ORD-000238,U1019,2025-11-02,127.66,Beauty,Shymkent,completed
ORD-001513,U1212,2024-09-29,115.64,Clothing,Karaganda,completed
ORD-000167,U1014,2025-11-01,284.88,Electronics,Almaty,completed
ORD-000237,U1019,2025-10-22,41.65,Books,Shymkent,completed
ORD-000513,U1039,2025-12-26,157.06,Home,Atyrau,completed
ORD-001668,U1230,2025-03-13,193.1,Electronics,Almaty,completed
ORD-000181,U1015,2025-11-05,124.22,Home,Shymkent,completed
ORD-000980,U1093,2024-06-07,166.09,Electronics,Aktobe,completed
ORD-001026,U1099,2024-07-02,53.84,Books,Aktobe,completed
ORD-001886,U1281,2024-01-23,82.61,Clothing,Pavlodar,completed
ORD-000301,U1024,2025-08-02,152.09,Home,Kostanay,completed
ORD-000724,U1062,2025-08-30,70.02,Accessories,Atyrau,completed
ORD-001396,U1195,2024-01-13,78.06,Sports,Karaganda,completed
ORD-000647,U1052,2025-07-19,131.21,Home,Karaganda,completed
ORD-000580,U1045,2025-09-16,128.85,Clothing,Astana,completed
ORD-001388,U1193,2024-07-18,97.73,Beauty,Almaty,completed
ORD-000251,U1020,2025-08-20,130.96,Beauty,Astana,completed
ORD-000648,U1052,2025-09-14,155.33,Electronics,Karaganda,completed
ORD-000609,U1048,2025-03-24,116.6,Beauty,Pavlodar,completed
ORD-001571,U1219,2024-06-06,59.83,Books,Aktobe,completed
ORD-000190,U1016,2025-08-14,223.13,Electronics,Almaty,completed
ORD-001206,U1136,2025-12-11,35.41,Books,Shymkent,completed
ORD-001142,U1113,2024-11-29,252.38,Electronics,Pavlodar,completed
ORD-000184,U1015,2025-12-06,48.53,Books,Shymkent,completed
ORD-000870,U1080,2024-10-06,66.96,Beauty,Shymkent,completed
ORD-001508,U1211,2024-10-22,93.1,Accessories,Pavlodar,completed
ORD-001802,U1251,2024-08-21,115.85,Accessories,Astana,completed
ORD-001651,U1228,2025-02-07,96.03,Clothing,Almaty,completed
ORD-000942,U1088,2025-06-27,234.86,Electronics,Almaty,completed
ORD-000437,U1035,2025-07-20,429.03,Electronics,Astana,completed
ORD-001592,U1221,2025-02-19,137.57,Home,Pavlodar,completed
ORD-000949,U1089,2024-09-04,107.14,Home,Karaganda,completed
ORD-000349,U1028,2025-11-10,152.72,Sports,Shymkent,completed
ORD-001840,U1259,2024-07-16,32.42,Clothing,Kostanay,completed
ORD-001174,U1119,2025-11-25,45.71,Accessories,Atyrau,completed
ORD-000395,U1032,2025-07-26,79.12,Accessories,Shymkent,completed
ORD-000302,U1024,2025-08-30,394.79,Electronics,Kostanay,completed
ORD-000654,U1053,2024-12-03,124.47,Home,Shymkent,completed
ORD-001017,U1097,2025-11-14,213.7,Sports,Pavlodar,completed
ORD-000425,U1034,2025-08-08,108.71,Accessories,Almaty,completed
ORD-001290,U1181,2024-01-09,444.41,Home,Almaty,completed
ORD-001688,U1233,2024-06-15,56.71,Beauty,Karaganda,completed
ORD-001521,U1213,2024-04-12,792.9,Sports,Kostanay,completed
ORD-000367,U1030,2025-08-04,84.98,Books,Aktobe,completed
ORD-001913,U1293,2024-03-05,104.34,Sports,Karaganda,completed
ORD-001401,U1196,2024-02-28,182.91,Home,Shymkent,completed
ORD-000483,U1038,2025-08-04,244.44,Clothing,Almaty,completed
ORD-001122,U1110,2025-11-06,131.47,Clothing,Shymkent,completed
ORD-000591,U1045,2025-12-17,275.88,Clothing,Astana,completed
ORD-000439,U1035,2025-08-29,159.97,Home,Astana,completed
ORD-001453,U1202,2025-04-14,151.33,Clothing,Aktobe,completed
ORD-002089,,2025-07-16,100.91,Clothing,Almaty,completed
ORD-000852,U1077,2025-07-27,159.64,Electronics,Atyrau,completed
ORD-001572,U1219,2024-06-16,78.93,Beauty,Aktobe,completed
ORD-001311,U1183,2024-04-23,76.69,Clothing,Astana,completed
ORD-002081,U1359,2024-02-06,31.59,Books,Pavlodar,completed
ORD-001387,U1193,2024-03-24,199.23,Sports,Almaty,completed
ORD-001976,U1316,2024-08-29,56.53,Accessories,Karaganda,completed
ORD-001940,U1303,2024-09-05,115.41,Home,Karaganda,completed
ORD-000986,U1093,2025-06-01,58.81,Sports,Aktobe,completed
ORD-000729,U1063,2024-07-29,84.55,Beauty,Pavlodar,completed
ORD-001967,U1312,2024-01-31,36.6,Beauty,Kostanay,completed
ORD-000529,U1041,2025-08-05,66.38,Books,Almaty,completed
ORD-001255,U1162,2025-12-06,123.67,Accessories,Kostanay,completed
ORD-000484,U1038,2025-08-12,193.72,Home,Almaty,completed
ORD-001213,U1140,2025-11-13,34.48,Books,Pavlodar,completed
ORD-000124,U1010,2025-10-20,51.01,Books,Kostanay,completed
ORD-001587,U1221,2024-01-08,59.85,Books,Pavlodar,completed
ORD-001607,U1223,2024-09-29,291.32,Electronics,Kostanay,completed
ORD-001052,U1102,2024-11-22,171.78,Sports,Almaty,completed
ORD-001146,U1113,2025-10-20,90.59,Beauty,Pavlodar,completed
ORD-002015,U1334,2024-05-27,88.65,Clothing,Pavlodar,completed
ORD-001894,U1284,2024-05-17,59.92,Electronics,Atyrau,completed
ORD-001717,U1238,2024-01-04,212.78,Home,Shymkent,completed
ORD-000328,U1027,2025-08-10,162.97,Electronics,Karaganda,completed
ORD-000633,U1051,2024-06-06,61.61,Books,Almaty,completed
ORD-001877,U1276,2024-02-09,72.86,Beauty,Shymkent,completed
ORD-000611,U1048,2025-11-21,139.21,Clothing,Pavlodar,completed
ORD-000152,U1013,2025-07-01,134.44,Beauty,Atyrau,completed
ORD-000795,U1070,2025-01-25,38.7,Books,Shymkent,completed
ORD-001390,U1193,2024-12-08,235.57,Sports,Almaty,completed
ORD-001808,U1252,2025-02-24,237.17,Beauty,Kostanay,completed
ORD-000695,U1059,2024-09-09,262.46,Home,Shymkent,completed
ORD-000519,U1040,2025-11-19,278.37,Electronics,Astana,completed
ORD-001689,U1233,2024-08-04,731.82,Electronics,Karaganda,completed
ORD-000388,U1031,2025-11-09,148.52,Sports,Kostanay,completed
ORD-001554,U1217,2024-04-06,91.52,Sports,Kostanay,completed
ORD-001420,U1198,2024-06-01,152.14,Home,Aktobe,completed
ORD-000496,U1038,2025-12-23,130.35,Beauty,Almaty,completed
ORD-002053,U1347,2024-03-16,92.49,Beauty,Atyrau,completed
ORD-000917,U1086,2024-11-22,119.16,Electronics,Aktobe,completed
ORD-001398,U1195,2024-04-15,94.94,Accessories,Karaganda,completed
ORD-002059,U1351,2024-08-03,33.51,Books,Astana,completed
ORD-000064,U1006,2025-08-23,139.5,Accessories,Almaty,completed
ORD-001280,U1175,2025-11-03,146.54,Home,Shymkent,completed
ORD-001056,U1102,2025-09-16,40.06,Books,Almaty,completed
ORD-000856,U1078,2024-07-22,57.51,Books,Atyrau,completed
ORD-001616,U1224,2024-05-29,192.18,Electronics,Almaty,completed
ORD-001096,U1106,2025-08-13,50.83,Accessories,Shymkent,completed
ORD-000074,U1007,2025-09-14,72.97,Clothing,Atyrau,completed
ORD-001593,U1221,2025-03-11,37.8,Books,Pavlodar,completed
ORD-001299,U1181,2025-04-05,39.81,Accessories,Almaty,completed
ORD-000091,U1008,2025-09-02,75.35,Clothing,Pavlodar,completed
ORD-000509,U1039,2025-11-14,135.33,Accessories,Atyrau,completed
ORD-001470,U1204,2025-03-30,211.6,Electronics,Astana,completed
ORD-000978,U1092,2025-05-20,35.96,Accessories,Atyrau,completed
ORD-002082,U1359,2024-05-13,93.74,Sports,Pavlodar,completed
ORD-002130,U1135,2025-04-28,0,Accessories,Aktobe,cancelled
ORD-001634,U1226,2025-03-04,96.2,Sports,Kostanay,completed
ORD-001224,U1145,2025-12-21,19.84,Books,Almaty,completed
ORD-000911,U1085,2025-07-08,117.44,Electronics,Astana,completed
ORD-001996,U1324,2024-07-10,98.54,Home,Karaganda,completed
ORD-000948,U1089,2024-08-25,41.21,Accessories,Karaganda,completed
ORD-002000,U1325,2024-09-08,100.09,Clothing,Almaty,completed
ORD-000776,U1068,2025-09-06,59.89,Books,Almaty,completed
ORD-001436,U1200,2024-11-16,130.82,Books,Karaganda,completed
ORD-001805,U1252,2024-01-22,74.1,Accessories,Kostanay,completed
ORD-000766,U1067,2025-07-25,275.56,Electronics,Almaty,completed
ORD-002122,U1084,2024-07-02,-32.37,Home,Aktobe,refunded
ORD-000254,U1020,2025-09-28,166.79,Home,Astana,completed
ORD-001025,U1099,2024-06-06,123.18,Clothing,Aktobe,completed
ORD-000102,U1009,2025-07-22,315.12,Home,Almaty,completed
ORD-001403,U1196,2024-10-25,383.38,Sports,Shymkent,completed
ORD-000803,U1071,2025-09-28,50.13,Accessories,Astana,completed
ORD-001926,U1298,2024-06-14,26.5,Books,Pavlodar,completed
ORD-000272,U1021,2025-10-01,133.11,Clothing,Astana,completed
ORD-000673,U1055,2025-06-15,66.27,Accessories,Aktobe,completed
ORD-001032,U1100,2024-06-23,116.89,Home,Pavlodar,completed
ORD-001137,U1112,2025-12-19,64.47,Accessories,Pavlodar,completed
ORD-001349,U1188,2025-03-29,306.79,Electronics,Pavlodar,completed
ORD-001198,U1132,2025-12-01,48.92,Accessories,Almaty,completed
ORD-000862,U1078,2025-06-06,174.58,Sports,Atyrau,completed
ORD-001078,U1104,2025-12-11,62.24,Beauty,Pavlodar,completed
ORD-001030,U1099,2025-11-29,98.69,Clothing,Aktobe,completed
ORD-000839,U1076,2025-01-24,28.42,Sports,Astana,completed
ORD-002104,U1139,2025-10-11,,Sports,Astana,completed
ORD-001433,U1199,2025-05-24,74.66,Home,Pavlodar,completed
ORD-000094,U1008,2025-10-27,326.31,Sports,Pavlodar,completed
ORD-001932,U1300,2024-02-14,27.96,Accessories,Astana,completed
ORD-001440,U1200,2025-04-17,92.22,Home,Karaganda,completed
ORD-001685,U1233,2024-01-12,318.19,Clothing,Karaganda,completed
ORD-001241,U1154,2025-11-15,48.48,Books,Kostanay,completed
ORD-000941,U1088,2025-03-29,205.67,Sports,Almaty,completed
ORD-001160,U1114,2025-10-25,54.51,Beauty,Atyrau,completed
ORD-001957,U1308,2024-06-03,133.48,Beauty,Almaty,completed
ORD-000339,U1028,2025-08-05,78.23,Sports,Shymkent,completed
ORD-000761,U1067,2024-07-18,71.59,Clothing,Almaty,completed
ORD-001670,U1230,2025-05-04,106.61,Accessories,Almaty,completed
ORD-001811,U1253,2024-10-09,487.11,Electronics,Kostanay,completed
ORD-001003,U1096,2024-08-26,65.73,Sports,Shymkent,completed
ORD-001441,U1200,2025-04-24,105.65,Beauty,Karaganda,completed
ORD-001028,U1099,2025-03-08,42.39,Beauty,Aktobe,completed
ORD-000078,U1007,2025-10-12,244.81,Home,Atyrau,completed
ORD-000574,U1044,2025-11-18,35.22,Accessories,Karaganda,completed
ORD-002095,,2025-11-28,74.89,Sports,Kostanay,completed
ORD-001684,U1232,2025-03-30,146.35,Electronics,Pavlodar,completed
ORD-001193,U1130,2025-11-07,110.84,Beauty,Atyrau,completed
ORD-000383,U1031,2025-08-03,54.45,Accessories,Kostanay,completed
ORD-000613,U1049,2024-05-21,57.34,Clothing,Kostanay,completed
ORD-001608,U1223,2024-11-28,47.86,Books,Kostanay,completed
ORD-000249,U1020,2025-08-15,719.15,Home,Astana,completed
ORD-000110,U1009,2025-10-27,45.19,Accessories,Almaty,completed
ORD-000968,U1090,2025-12-14,98.98,Beauty,Shymkent,completed
ORD-002029,U1340,2024-02-19,60.14,Beauty,Pavlodar,completed
ORD-000640,U1051,2025-07-03,115.37,Sports,Almaty,completed
ORD-000522,U1040,2025-12-03,109.97,Sports,Astana,completed
ORD-000590,U1045,2025-12-14,233.29,Sports,Astana,completed
ORD-001444,U1201,2024-04-16,97.6,Home,Astana,completed
ORD-000805,U1072,2024-07-17,26.91,Beauty,Aktobe,completed
ORD-000604,U1047,2025-08-20,137.35,Clothing,Atyrau,completed
ORD-001522,U1213,2024-10-27,147.83,Electronics,Kostanay,completed
ORD-001869,U1270,2024-08-01,73.25,Home,Almaty,completed
ORD-000957,U1090,2024-06-06,76.45,Beauty,Shymkent,completed
ORD-001266,U1169,2025-11-25,130.35,Electronics,Astana,completed
ORD-002131,U1075,2024-11-09,-103.44,Beauty,Atyrau,refunded
ORD-000355,U1029,2025-09-09,141.91,Beauty,Aktobe,completed
ORD-001790,U1249,2024-07-26,100.22,Beauty,Kostanay,completed
ORD-001245,U1157,2025-11-01,63.74,Home,Kostanay,completed
ORD-001974,U1315,2024-10-07,50.47,Beauty,Kostanay,completed
ORD-000435,U1035,2025-07-08,125.93,Clothing,Astana,completed
ORD-000525,U1040,2025-12-24,84.36,Clothing,Astana,completed
ORD-000376,U1030,2025-11-07,505.99,Home,Aktobe,completed
ORD-000866,U1079,2024-09-06,92.83,Home,Almaty,completed
ORD-001692,U1234,2024-04-05,139.37,Accessories,Shymkent,completed
ORD-000277,U1022,2025-07-21,246.54,Home,Almaty,completed
ORD-002083,U1359,2024-07-16,89.97,Electronics,Pavlodar,completed
ORD-001133,U1112,2025-03-31,482.3,Sports,Pavlodar,completed
ORD-000570,U1044,2025-10-16,147.41,Books,Karaganda,completed
ORD-000772,U1068,2024-12-11,261.32,Sports,Almaty,completed
ORD-001360,U1190,2024-03-26,99.47,Beauty,Shymkent,completed
ORD-002023,U1337,2024-06-21,64.48,Sports,Pavlodar,completed
ORD-002063,U1352,2024-07-25,95.3,Clothing,Pavlodar,completed
ORD-000020,U1002,2025-12-13,114.08,Books,Shymkent,completed
ORD-001667,U1230,2025-02-03,531.61,Clothing,Almaty,completed
ORD-000689,U1058,2025-05-08,91.14,Home,Kostanay,completed
ORD-001519,U1212,2025-05-12,146.12,Accessories,Karaganda,completed
ORD-000716,U1061,2025-08-03,64.7,Sports,Karaganda,completed
ORD-000341,U1028,2025-08-11,632.22,Electronics,Shymkent,completed
ORD-000083,U1007,2025-12-26,374.52,Home,Atyrau,completed
ORD-001885,U1280,2024-05-22,48.77,Accessories,Astana,completed
ORD-001551,U1216,2025-03-28,31.84,Books,Atyrau,completed
ORD-001161,U1115,2024-07-20,258.59,Home,Astana,completed
ORD-000717,U1061,2025-10-09,59.66,Beauty,Karaganda,completed
ORD-000444,U1035,2025-10-10,90.28,Beauty,Astana,completed
ORD-000969,U1091,2024-10-27,249.83,Home,Pavlodar,completed
ORD-001723,U1238,2025-05-26,82.01,Home,Shymkent,completed
ORD-000314,U1025,2025-11-04,280.13,Electronics,Karaganda,completed
ORD-000607,U1048,2024-09-29,54.1,Clothing,Pavlodar,completed
ORD-001510,U1211,2025-03-02,338.82,Home,Pavlodar,completed
ORD-001765,U1246,2024-07-21,597.38,Sports,Astana,completed
ORD-001356,U1189,2024-12-14,124.97,Clothing,Aktobe,completed
ORD-000502,U1039,2025-08-25,97.03,Books,Atyrau,completed
ORD-001138,U1113,2024-07-07,78.78,Accessories,Pavlodar,completed
ORD-000533,U1041,2025-11-05,85.53,Clothing,Almaty,completed
ORD-000287,U1022,2025-12-28,333.24,Clothing,Almaty,completed
ORD-000526,U1041,2025-07-03,356.97,Sports,Almaty,completed
ORD-001181,U1124,2025-11-26,96.3,Home,Aktobe,completed
ORD-001641,U1227,2024-09-27,62.53,Beauty,Karaganda,completed
ORD-001633,U1226,2025-01-09,78.86,Beauty,Kostanay,completed
ORD-000840,U1076,2025-03-13,118.99,Clothing,Astana,completed
ORD-001847,U1262,2024-07-11,48.66,Accessories,Aktobe,completed
ORD-000017,U1002,2025-11-14,199.56,Electronics,Shymkent,completed
ORD-000507,U1039,2025-10-26,218.21,Electronics,Atyrau,completed
ORD-001132,U1112,2024-11-16,354.89,Electronics,Pavlodar,completed
ORD-000913,U1086,2024-06-14,14.27,Books,Aktobe,completed
ORD-002049,U1346,2024-08-08,38.17,Beauty,Shymkent,completed
ORD-001391,U1193,2025-03-09,102.64,Books,Almaty,completed
ORD-001439,U1200,2025-03-15,154.31,Sports,Karaganda,completed
ORD-000114,U1009,2025-12-17,267.1,Sports,Almaty,completed
ORD-001575,U1219,2025-01-16,81.63,Accessories,Aktobe,completed
ORD-000404,U1033,2025-07-11,118.51,Accessories,Karaganda,completed
ORD-000723,U1062,2025-07-31,96.49,Beauty,Atyrau,completed
ORD-001854,U1264,2024-05-09,94.76,Home,Karaganda,completed
ORD-001491,U1209,2024-03-14,56.47,Beauty,Aktobe,completed
ORD-001715,U1237,2024-12-16,62.1,Sports,Aktobe,completed
ORD-002088,U1360,2024-05-14,37.62,Books,Kostanay,completed
ORD-002090,,2025-04-19,197.05,Clothing,Almaty,completed
ORD-001959,U1309,2024-05-18,78.03,Sports,Pavlodar,completed
ORD-001383,U1192,2025-05-19,97.15,Beauty,Aktobe,completed
ORD-000824,U1074,2024-08-07,359.45,Sports,Pavlodar,completed
ORD-001347,U1188,2024-12-13,160.54,Sports,Pavlodar,completed
ORD-002084,U1359,2024-08-01,22.82,Accessories,Pavlodar,completed
ORD-002115,U1060,2025-03-28,-37.1,Clothing,Astana,refunded
ORD-001990,U1322,2024-05-22,65.76,Beauty,Karaganda,completed
ORD-001229,U1148,2025-11-28,34.88,Accessories,Atyrau,completed
ORD-001408,U1197,2024-01-11,231.15,Sports,Atyrau,completed
ORD-001898,U1285,2024-02-10,63.18,Beauty,Karaganda,completed
ORD-000666,U1054,2025-09-21,160.24,Home,Aktobe,completed
ORD-001848,U1262,2024-08-29,119.63,Sports,Aktobe,completed
ORD-001632,U1226,2024-12-21,84.7,Accessories,Kostanay,completed
ORD-000175,U1015,2025-07-21,225.91,Home,Shymkent,completed
ORD-001435,U1200,2024-07-11,122.75,Accessories,Karaganda,completed
ORD-001735,U1241,2024-09-04,91.55,Accessories,Atyrau,completed
ORD-000485,U1038,2025-08-19,110.24,Accessories,Almaty,completed
ORD-000830,U1075,2024-07-21,89.74,Beauty,Shymkent,completed
ORD-000139,U1011,2025-12-09,118.15,Clothing,Shymkent,completed
ORD-000041,U1004,2025-10-19,208.25,Sports,Pavlodar,completed
ORD-000681,U1057,2025-06-17,121.0,Home,Aktobe,completed
ORD-000456,U1036,2025-08-23,174.06,Sports,Pavlodar,completed
ORD-000151,U1012,2025-12-17,103.56,Accessories,Astana,completed
ORD-001481,U1207,2024-10-11,69.85,Books,Atyrau,completed
ORD-001850,U1263,2024-02-23,84.43,Clothing,Kostanay,completed
ORD-001544,U1216,2024-02-25,171.08,Clothing,Atyrau,completed
ORD-000922,U1086,2025-10-22,49.46,Books,Aktobe,completed
ORD-001443,U1201,2024-02-02,142.97,Sports,Astana,completed
ORD-000655,U1053,2024-12-16,19.55,Books,Shymkent,completed
ORD-000960,U1090,2024-08-04,238.35,Sports,Shymkent,completed
ORD-000846,U1077,2024-12-19,167.12,Clothing,Atyrau,completed
ORD-001430,U1199,2024-11-20,45.43,Accessories,Pavlodar,completed
ORD-000546,U1042,2025-10-03,31.25,Books,Aktobe,completed
ORD-002069,U1354,2024-07-24,33.16,Sports,Aktobe,completed
ORD-000989,U1093,2025-10-17,109.43,Sports,Aktobe,completed
ORD-001232,U1149,2025-11-29,54.39,Clothing,Shymkent,completed
ORD-002012,U1332,2024-05-31,34.35,Beauty,Karaganda,completed
ORD-000164,U1014,2025-09-24,429.76,Home,Almaty,completed
ORD-000147,U1012,2025-11-17,61.52,Beauty,Astana,completed
ORD-000104,U1009,2025-08-16,250.43,Home,Almaty,completed
ORD-002096,,2025-03-31,167.78,Home,Almaty,completed
ORD-000297,U1023,2025-10-26,66.04,Sports,Kostanay,completed
ORD-001253,U1161,2025-11-19,83.76,Beauty,Atyrau,completed
ORD-000347,U1028,2025-10-30,42.21,Books,Shymkent,completed
ORD-000487,U1038,2025-10-13,79.01,Home,Almaty,completed
ORD-000458,U1036,2025-10-21,183.83,Electronics,Pavlodar,completed
ORD-000598,U1047,2024-06-15,56.19,Accessories,Atyrau,completed
ORD-000687,U1058,2025-04-05,274.49,Clothing,Kostanay,completed
ORD-001400,U1196,2024-01-09,132.06,Clothing,Shymkent,completed
ORD-002018,U1335,2024-10-15,71.02,Electronics,Atyrau,completed
ORD-000068,U1006,2025-10-13,90.86,Beauty,Almaty,completed
ORD-001446,U1201,2025-05-15,66.87,Books,Astana,completed
ORD-001759,U1245,2024-09-08,145.27,Beauty,Astana,completed
ORD-000694,U1059,2024-08-15,223.44,Sports,Shymkent,completed
ORD-001373,U1191,2025-04-08,277.82,Clothing,Shymkent,completed
ORD-001048,U1101,2025-12-30,110.93,Beauty,Almaty,completed
ORD-000321,U1026,2025-08-23,118.22,Accessories,Almaty,completed
ORD-001033,U1100,2024-06-25,104.04,Accessories,Pavlodar,completed
ORD-001601,U1222,2024-12-30,223.79,Electronics,Aktobe,completed
ORD-000055,U1005,2025-10-26,159.04,Electronics,Atyrau,completed
ORD-000009,U1001,2025-12-21,125.3,Clothing,Astana,completed
ORD-001900,U1285,2024-10-23,55.37,Books,Karaganda,completed
ORD-000088,U1008,2025-08-15,30.82,Books,Pavlodar,completed
ORD-001023,U1098,2025-10-22,89.61,Home,Atyrau,completed
ORD-000100,U1009,2025-07-07,105.99,Home,Almaty,completed
ORD-002041,U1343,2024-06-20,33.02,Beauty,Kostanay,completed
ORD-001897,U1285,2024-01-30,163.32,Sports,Karaganda,completed
ORD-001819,U1254,2024-06-07,122.62,Home,Shymkent,completed
ORD-000800,U1071,2025-01-19,161.6,Home,Astana,completed
ORD-000626,U1050,2024-10-15,58.16,Accessories,Kostanay,completed
ORD-001797,U1250,2024-07-08,100.7,Clothing,Karaganda,completed
ORD-000499,U1039,2025-07-17,974.4,Sports,Atyrau,completed
ORD-001234,U1149,2025-12-21,24.92,Accessories,Shymkent,completed
ORD-001282,U1176,2025-11-14,43.86,Clothing,Atyrau,completed
ORD-000480,U1037,2025-12-21,161.27,Clothing,Kostanay,completed
ORD-000325,U1026,2025-11-25,76.8,Accessories,Almaty,completed
ORD-001031,U1099,2025-12-14,118.64,Beauty,Aktobe,completed
ORD-000155,U1013,2025-10-12,75.95,Accessories,Atyrau,completed
ORD-001043,U1101,2024-06-28,77.38,Accessories,Almaty,completed
ORD-001066,U1103,2025-05-29,103.19,Beauty,Astana,completed
ORD-001952,U1307,2024-02-16,150.46,Electronics,Almaty,completed
ORD-001203,U1134,2025-12-08,88.85,Home,Astana,completed
ORD-001016,U1097,2025-10-05,64.03,Accessories,Pavlodar,completed
ORD-001079,U1104,2025-12-29,377.66,Electronics,Pavlodar,completed
ORD-001102,U1107,2025-10-26,82.4,Accessories,Kostanay,completed
ORD-000993,U1094,2025-05-28,109.02,Accessories,Almaty,completed
ORD-000177,U1015,2025-08-14,256.32,Electronics,Shymkent,completed
ORD-001380,U1192,2024-08-27,244.5,Electronics,Aktobe,completed
ORD-000582,U1045,2025-09-25,53.62,Beauty,Astana,completed
ORD-000810,U1072,2025-11-19,104.21,Accessories,Aktobe,completed
ORD-001492,U1209,2024-10-17,169.73,Clothing,Aktobe,completed
ORD-000025,U1003,2025-07-05,161.37,Sports,Karaganda,completed
ORD-002091,,2025-05-13,132.43,Sports,Pavlodar,completed
ORD-000185,U1015,2025-12-22,206.3,Accessories,Shymkent,completed
ORD-000778,U1069,2024-09-15,69.66,Accessories,Almaty,completed
ORD-000530,U1041,2025-08-11,104.68,Accessories,Almaty,completed
ORD-001411,U1197,2024-07-07,119.45,Beauty,Atyrau,completed
ORD-000740,U1064,2025-05-18,152.24,Electronics,Almaty,completed
ORD-000161,U1013,2025-12-16,62.18,Beauty,Atyrau,completed
ORD-001477,U1206,2025-01-26,140.94,Clothing,Atyrau,completed
ORD-000754,U1066,2024-09-15,98.65,Home,Karaganda,completed
ORD-002048,U1345,2024-09-29,25.9,Books,Atyrau,completed
ORD-001117,U1110,2025-02-25,81.65,Sports,Shymkent,completed
ORD-001416,U1197,2025-02-13,386.58,Electronics,Atyrau,completed
ORD-002099,U1312,,206.72,Accessories,Astana,completed
ORD-002125,U1164,2025-06-27,-140.05,Books,Aktobe,refunded
ORD-000777,U1069,2024-08-09,62.32,Accessories,Almaty,completed
ORD-001279,U1174,2025-12-03,59.42,Electronics,Almaty,completed
ORD-000668,U1055,2024-08-25,98.14,Home,Aktobe,completed
ORD-001968,U1312,2024-09-09,85.47,Electronics,Kostanay,completed
ORD-000920,U1086,2025-02-15,95.67,Sports,Aktobe,completed
ORD-000482,U1038,2025-07-22,130.83,Sports,Almaty,completed
ORD-001511,U1211,2025-03-17,432.96,Electronics,Pavlodar,completed
ORD-000403,U1032,2025-12-17,195.24,Home,Shymkent,completed
ORD-000219,U1018,2025-08-28,160.83,Accessories,Karaganda,completed
ORD-001512,U1212,2024-01-08,118.64,Beauty,Karaganda,completed
ORD-000878,U1081,2024-11-13,169.34,Clothing,Karaganda,completed
ORD-000384,U1031,2025-10-15,88.57,Sports,Kostanay,completed
ORD-000419,U1034,2025-07-03,571.95,Home,Almaty,completed
ORD-000562,U1043,2025-12-28,108.47,Clothing,Astana,completed
ORD-000756,U1066,2025-06-11,222.98,Electronics,Karaganda,completed
ORD-001361,U1190,2024-05-25,355.59,Home,Shymkent,completed
ORD-000842,U1077,2024-05-01,300.27,Sports,Atyrau,completed
ORD-000676,U1056,2025-01-23,45.68,Sports,Kostanay,completed
ORD-000928,U1087,2024-11-28,71.97,Home,Aktobe,completed
ORD-000888,U1082,2025-12-12,149.51,Beauty,Karaganda,completed
ORD-001156,U1114,2025-04-30,291.41,Sports,Atyrau,completed
ORD-000730,U1063,2024-10-05,103.32,Accessories,Pavlodar,completed
ORD-000223,U1018,2025-09-25,441.95,Electronics,Karaganda,completed
ORD-001553,U1216,2025-05-09,778.98,Electronics,Atyrau,completed
ORD-001948,U1306,2024-07-19,73.51,Beauty,Atyrau,completed
ORD-001486,U1208,2024-06-29,164.28,Beauty,Kostanay,completed
ORD-001357,U1189,2025-02-15,181.98,Electronics,Aktobe,completed
ORD-001565,U1218,2024-05-11,135.99,Beauty,Kostanay,completed
ORD-000409,U1033,2025-09-07,192.73,Sports,Karaganda,completed
ORD-000682,U1057,2025-10-02,30.61,Accessories,Aktobe,completed
ORD-001924,U1297,2024-09-01,37.52,Beauty,Pavlodar,completed
ORD-001155,U1114,2025-02-23,175.25,Clothing,Atyrau,completed
ORD-001450,U1202,2024-07-26,104.77,Accessories,Aktobe,completed
ORD-000475,U1037,2025-09-20,83.75,Books,Kostanay,completed
ORD-001457,U1203,2024-05-04,499.31,Home,Astana,completed
ORD-001954,U1307,2024-06-29,101.92,Clothing,Almaty,completed
ORD-001546,U1216,2024-05-28,58.19,Accessories,Atyrau,completed
ORD-000752,U1066,2024-05-11,59.29,Books,Karaganda,completed
ORD-001609,U1223,2025-02-13,81.16,Sports,Kostanay,completed
ORD-001569,U1218,2024-11-17,67.79,Beauty,Kostanay,completed
ORD-000432,U1034,2025-12-09,297.56,Home,Almaty,completed
ORD-002094,,2025-09-25,135.44,Accessories,Kostanay,completed
ORD-001072,U1104,2024-09-18,229.81,Sports,Pavlodar,completed
ORD-000362,U1029,2025-11-24,75.54,Books,Aktobe,completed
ORD-001264,U1167,2025-11-10,21.07,Books,Astana,completed
ORD-000129,U1010,2025-12-04,251.1,Sports,Kostanay,completed
ORD-001018,U1097,2025-12-18,314.64,Sports,Pavlodar,completed
ORD-000233,U1019,2025-07-21,72.94,Home,Shymkent,completed
ORD-000555,U1043,2025-08-10,192.13,Clothing,Astana,completed
ORD-001004,U1096,2025-03-30,377.48,Home,Shymkent,completed
ORD-000421,U1034,2025-07-13,106.12,Clothing,Almaty,completed
ORD-000471,U1037,2025-08-12,114.07,Sports,Kostanay,completed
ORD-002035,U1341,2024-04-27,102.89,Home,Almaty,completed
ORD-002129,U1335,2025-09-01,-224.02,Accessories,Aktobe,refunded
ORD-000308,U1025,2025-07-07,157.31,Electronics,Karaganda,completed
ORD-001529,U1214,2024-05-19,147.89,Electronics,Astana,completed
ORD-000022,U1002,2025-12-22,68.48,Clothing,Shymkent,completed
ORD-000951,U1089,2025-01-12,79.91,Home,Karaganda,completed
ORD-000377,U1030,2025-11-12,43.57,Accessories,Aktobe,completed
ORD-001953,U1307,2024-06-19,47.66,Clothing,Almaty,completed
ORD-002068,U1354,2024-03-22,52.53,Sports,Aktobe,completed
ORD-000915,U1086,2024-09-22,93.51,Home,Aktobe,completed
ORD-000179,U1015,2025-08-31,94.84,Accessories,Shymkent,completed
ORD-001610,U1223,2025-03-07,55.46,Accessories,Kostanay,completed
ORD-001868,U1270,2024-02-11,56.67,Electronics,Almaty,completed
ORD-001251,U1159,2025-12-10,81.32,Beauty,Aktobe,completed
ORD-000148,U1012,2025-11-28,367.38,Home,Astana,completed
ORD-001385,U1193,2024-01-26,90.12,Clothing,Almaty,completed
ORD-000369,U1030,2025-08-19,122.91,Books,Aktobe,completed
ORD-001859,U1266,2024-10-19,61.52,Sports,Kostanay,completed
ORD-000796,U1070,2025-05-15,54.13,Books,Shymkent,completed
ORD-002014,U1334,2024-04-16,36.9,Books,Pavlodar,completed
ORD-000921,U1086,2025-05-21,107.03,Home,Aktobe,completed
ORD-001648,U1228,2024-06-15,234.92,Accessories,Almaty,completed
ORD-000652,U1053,2024-10-16,136.73,Beauty,Shymkent,completed
ORD-001389,U1193,2024-08-19,207.8,Sports,Almaty,completed
ORD-001489,U1208,2024-09-11,78.33,Accessories,Kostanay,completed
ORD-001346,U1188,2024-10-11,119.58,Accessories,Pavlodar,completed
ORD-001308,U1183,2024-04-14,80.62,Books,Astana,completed
ORD-001716,U1237,2025-03-14,117.16,Books,Aktobe,completed
ORD-000244,U1020,2025-07-27,97.05,Sports,Astana,completed
ORD-001323,U1185,2024-03-27,133.16,Clothing,Pavlodar,completed
ORD-001881,U1277,2024-06-26,120.62,Home,Astana,completed
ORD-001950,U1306,2024-08-05,67.84,Clothing,Atyrau,completed
ORD-001112,U1109,2025-09-02,73.97,Beauty,Karaganda,completed
ORD-000703,U1060,2024-06-24,47.67,Beauty,Pavlodar,completed
ORD-001104,U1108,2024-07-12,123.78,Sports,Kostanay,completed
ORD-001115,U1110,2024-05-24,115.72,Home,Shymkent,completed
ORD-001698,U1234,2025-04-19,138.52,Sports,Shymkent,completed
ORD-000586,U1045,2025-10-20,147.05,Home,Astana,completed
ORD-001701,U1235,2024-02-28,187.59,Clothing,Atyrau,completed
ORD-001395,U1194,2024-10-28,85.76,Books,Pavlodar,completed
ORD-000021,U1002,2025-12-19,152.41,Beauty,Shymkent,completed
ORD-000076,U1007,2025-09-18,236.37,Sports,Atyrau,completed
ORD-000559,U1043,2025-12-02,141.12,Accessories,Astana,completed
ORD-000578,U1045,2025-08-04,262.26,Clothing,Astana,completed
ORD-000983,U1093,2024-09-13,73.5,Books,Aktobe,completed
ORD-000644,U1052,2024-09-10,42.61,Books,Karaganda,completed
ORD-001294,U1181,2024-09-05,87.89,Books,Almaty,completed
ORD-001904,U1287,2024-09-16,103.61,Clothing,Karaganda,completed
ORD-000994,U1094,2025-06-06,125.03,Accessories,Almaty,completed
ORD-000581,U1045,2025-09-21,287.07,Beauty,Astana,completed
ORD-001297,U1181,2025-02-05,113.5,Accessories,Almaty,completed
ORD-001923,U1297,2024-08-11,67.0,Home,Pavlodar,completed
ORD-000060,U1006,2025-07-27,397.71,Electronics,Almaty,completed
ORD-000577,U1045,2025-07-26,104.28,Clothing,Astana,completed
ORD-001154,U1114,2025-02-21,72.75,Clothing,Atyrau,completed
ORD-000391,U1032,2025-07-05,239.26,Home,Shymkent,completed
ORD-000007,U1001,2025-11-17,106.21,Sports,Astana,completed
ORD-000240,U1019,2025-12-06,272.91,Clothing,Shymkent,completed
ORD-000701,U1060,2024-05-14,45.21,Clothing,Pavlodar,completed
ORD-000107,U1009,2025-09-22,70.98,Beauty,Almaty,completed
ORD-000853,U1077,2025-11-04,151.76,Electronics,Atyrau,completed
ORD-000040,U1004,2025-10-17,27.65,Beauty,Pavlodar,completed
ORD-000905,U1084,2025-11-04,79.75,Clothing,Astana,completed
ORD-000330,U1027,2025-09-17,299.52,Home,Karaganda,completed
ORD-000742,U1064,2025-10-29,197.56,Beauty,Almaty,completed
ORD-000174,U1014,2025-12-16,106.07,Clothing,Almaty,completed
ORD-000738,U1064,2025-02-27,71.82,Accessories,Almaty,completed
ORD-000634,U1051,2024-09-21,89.54,Accessories,Almaty,completed
ORD-002026,U1338,2024-06-26,53.11,Clothing,Astana,completed
ORD-000548,U1042,2025-10-27,59.01,Accessories,Aktobe,completed
ORD-001581,U1220,2024-05-10,118.75,Clothing,Kostanay,completed
ORD-001070,U1104,2024-06-16,137.58,Electronics,Pavlodar,completed
ORD-002072,U1355,2024-08-25,47.53,Books,Atyrau,completed
ORD-001661,U1230,2024-03-09,47.63,Books,Almaty,completed
ORD-001242,U1155,2025-11-28,37.73,Accessories,Pavlodar,completed
ORD-001406,U1196,2025-01-12,33.04,Books,Shymkent,completed
ORD-001889,U1281,2024-07-13,75.41,Beauty,Pavlodar,completed
ORD-001313,U1183,2025-03-24,129.93,Sports,Astana,completed
ORD-001306,U1183,2024-02-12,39.66,Books,Astana,completed
ORD-000165,U1014,2025-09-27,127.76,Books,Almaty,completed
ORD-001589,U1221,2024-05-07,133.97,Sports,Pavlodar,completed
ORD-001560,U1218,2024-02-05,238.09,Electronics,Kostanay,completed
ORD-000542,U1042,2025-09-01,215.61,Accessories,Aktobe,completed
ORD-001734,U1241,2024-07-16,58.86,Books,Atyrau,completed
ORD-000252,U1020,2025-08-30,121.53,Home,Astana,completed
ORD-000072,U1006,2025-12-18,128.76,Books,Almaty,completed
ORD-000452,U1036,2025-07-07,219.54,Accessories,Pavlodar,completed
ORD-001152,U1114,2024-10-15,37.47,Books,Atyrau,completed
ORD-001781,U1248,2024-08-19,122.01,Home,Aktobe,completed
ORD-001434,U1200,2024-03-28,187.23,Clothing,Karaganda,completed
ORD-001410,U1197,2024-03-16,45.04,Books,Atyrau,completed
ORD-000344,U1028,2025-09-22,93.45,Home,Shymkent,completed
ORD-000200,U1017,2025-07-16,124.35,Home,Kostanay,completed
ORD-001727,U1239,2025-04-14,117.39,Books,Atyrau,completed
ORD-001397,U1195,2024-03-10,218.19,Home,Karaganda,completed
ORD-001789,U1249,2024-07-11,119.3,Home,Kostanay,completed
ORD-000066,U1006,2025-09-02,88.06,Beauty,Almaty,completed
ORD-000518,U1040,2025-11-10,41.43,Books,Astana,completed
ORD-001332,U1186,2024-05-13,134.69,Home,Astana,completed
ORD-001483,U1207,2024-11-21,166.56,Electronics,Atyrau,completed
ORD-000390,U1031,2025-11-22,144.65,Sports,Kostanay,completed
ORD-000401,U1032,2025-11-30,218.26,Clothing,Shymkent,completed
ORD-001057,U1102,2025-09-16,23.87,Books,Almaty,completed
ORD-001386,U1193,2024-03-17,31.59,Books,Almaty,completed
ORD-001198,U1132,2025-12-01,48.92,Accessories,Almaty,completed
ORD-000474,U1037,2025-09-15,90.16,Beauty,Kostanay,completed
ORD-001931,U1299,2024-08-12,26.7,Accessories,Aktobe,completed
ORD-000180,U1015,2025-10-06,302.39,Sports,Shymkent,completed
ORD-000257,U1020,2025-12-02,43.62,Books,Astana,completed
ORD-002112,U1032,31/11/2025,135.56,Clothing,Kostanay,completed
ORD-000350,U1028,2025-12-03,141.72,Books,Shymkent,completed
ORD-000157,U1013,2025-10-27,265.46,Electronics,Atyrau,completed
ORD-001901,U1286,2024-05-12,85.57,Beauty,Karaganda,completed
ORD-000583,U1045,2025-10-02,69.4,Accessories,Astana,completed
ORD-000045,U1004,2025-12-16,41.6,Clothing,Pavlodar,completed
ORD-001604,U1222,2025-05-14,138.52,Beauty,Aktobe,completed
ORD-001488,U1208,2024-09-07,163.1,Sports,Kostanay,completed
ORD-001479,U1206,2025-05-30,288.08,Clothing,Atyrau,completed
ORD-000787,U1069,2025-12-25,77.33,Accessories,Almaty,completed
ORD-001649,U1228,2024-06-30,1049.73,Electronics,Almaty,completed
ORD-000970,U1091,2024-11-15,37.56,Books,Pavlodar,completed
ORD-001476,U1206,2024-08-26,96.09,Sports,Atyrau,completed
ORD-000967,U1090,2025-11-15,108.41,Beauty,Shymkent,completed
ORD-001928,U1299,2024-03-27,33.55,Beauty,Aktobe,completed
ORD-001498,U1210,2024-01-13,425.57,Electronics,Shymkent,completed
ORD-002058,U1350,2024-09-13,153.57,Home,Shymkent,completed
ORD-000453,U1036,2025-07-30,216.65,Home,Pavlodar,completed
ORD-000147,U1012,2025-11-17,61.52,Beauty,Astana,completed
ORD-000757,U1066,2025-08-19,119.91,Sports,Karaganda,completed
ORD-001309,U1183,2024-04-17,76.62,Accessories,Astana,completed
ORD-000380,U1030,2025-12-13,112.55,Clothing,Aktobe,completed
ORD-000631,U1050,2025-12-07,39.2,Books,Kostanay,completed
ORD-000447,U1035,2025-11-03,105.53,Clothing,Astana,completed
ORD-000248,U1020,2025-08-14,559.83,Electronics,Astana,completed
ORD-001760,U1245,2024-11-26,172.41,Home,Astana,completed
ORD-000826,U1074,2024-12-07,54.11,Books,Pavlodar,completed
ORD-000711,U1061,2024-08-31,114.09,Clothing,Karaganda,completed
ORD-001268,U1169,2025-12-31,130.96,Home,Astana,completed
ORD-001659,U1229,2024-10-30,166.06,Electronics,Aktobe,completed
ORD-001792,U1249,2024-11-10,194.81,Electronics,Kostanay,completed
ORD-000398,U1032,2025-08-22,108.81,Home,Shymkent,completed
ORD-000854,U1078,2024-06-02,201.52,Electronics,Atyrau,completed
ORD-002027,U1338,2024-08-22,106.89,Sports,Astana,completed
ORD-000235,U1019,2025-10-17,217.53,Sports,Shymkent,completed
ORD-000115,U1010,2025-07-08,258.34,Home,Kostanay,completed
ORD-002013,U1333,2024-10-26,42.81,Home,Shymkent,completed
ORD-001221,U1144,2025-11-16,40.06,Beauty,Pavlodar,completed
ORD-001277,U1174,2025-11-07,38.48,Home,Almaty,completed
ORD-000037,U1004,2025-07-25,60.8,Clothing,Pavlodar,completed
ORD-002021,U1337,2024-05-04,96.55,Home,Pavlodar,completed
ORD-001207,U1137,2025-12-11,102.65,Sports,Kostanay,completed
ORD-001603,U1222,2025-04-19,105.46,Clothing,Aktobe,completed
ORD-001500,U1210,2024-06-14,70.09,Books,Shymkent,completed
ORD-000867,U1079,2024-10-05,189.62,Electronics,Almaty,completed
ORD-000569,U1044,2025-10-14,69.36,Accessories,Karaganda,completed
ORD-000089,U1008,2025-08-26,122.9,Clothing,Pavlodar,completed
ORD-001992,U1323,2024-07-06,131.63,Clothing,Atyrau,completed
ORD-000906,U1085,2024-11-12,84.49,Beauty,Astana,completed
ORD-001318,U1184,2024-05-29,46.16,Accessories,Almaty,completed
ORD-000843,U1077,2024-05-11,66.77,Accessories,Atyrau,completed
ORD-000973,U1091,2025-09-03,119.14,Sports,Pavlodar,completed
ORD-000123,U1010,2025-10-06,63.43,Books,Kostanay,completed
ORD-001936,U1301,2024-08-09,48.27,Electronics,Atyrau,completed
ORD-000112,U1009,2025-11-29,95.19,Accessories,Almaty,completed
ORD-000268,U1021,2025-09-14,151.47,Sports,Astana,completed
ORD-000584,U1045,2025-10-04,183.92,Home,Astana,completed
ORD-000877,U1081,2024-08-10,148.91,Electronics,Karaganda,completed
ORD-001008,U1096,2025-12-28,36.99,Beauty,Shymkent,completed
ORD-000294,U1023,2025-08-21,70.52,Beauty,Kostanay,completed
ORD-000954,U1089,2025-05-29,460.02,Electronics,Karaganda,completed
ORD-001761,U1245,2025-01-01,189.31,Electronics,Astana,completed
ORD-000408,U1033,2025-08-18,177.52,Clothing,Karaganda,completed
ORD-001966,U1311,2024-09-11,28.25,Books,Karaganda,completed
ORD-000733,U1064,2024-05-12,196.57,Accessories,Almaty,completed
ORD-000698,U1059,2025-06-01,29.46,Beauty,Shymkent,completed
ORD-001772,U1247,2024-01-30,321.06,Clothing,Atyrau,completed
ORD-000758,U1066,2025-09-26,152.53,Beauty,Karaganda,completed
ORD-000172,U1014,2025-11-26,79.56,Books,Almaty,completed
ORD-000336,U1027,2025-11-05,271.81,Clothing,Karaganda,completed
ORD-000550,U1042,2025-11-22,121.91,Accessories,Aktobe,completed
ORD-000188,U1016,2025-08-03,264.37,Accessories,Almaty,completed
ORD-000069,U1006,2025-10-14,98.87,Books,Almaty,completed
ORD-000501,U1039,2025-08-24,90.84,Clothing,Atyrau,completed
ORD-000811,U1073,2024-06-25,194.1,Electronics,Aktobe,completed
ORD-001920,U1296,2024-01-24,156.16,Electronics,Atyrau,completed
ORD-000163,U1014,2025-09-15,48.17,Books,Almaty,completed
ORD-000119,U1010,2025-09-07,62.64,Books,Kostanay,completed
ORD-001240,U1153,2025-12-31,45.6,Sports,Atyrau,completed
ORD-000653,U1053,2024-11-09,805.99,Electronics,Shymkent,completed
ORD-000073,U1006,2025-12-22,39.44,Beauty,Almaty,completed
ORD-001352,U1189,2024-03-27,52.57,Accessories,Aktobe,completed
ORD-001694,U1234,2024-06-13,105.35,Accessories,Shymkent,completed
ORD-000679,U1057,2024-12-15,46.57,Accessories,Aktobe,completed
ORD-002070,U1355,2024-04-25,75.16,Beauty,Atyrau,completed
ORD-001471,U1205,2024-02-14,95.08,Clothing,Kostanay,completed
ORD-000786,U1069,2025-12-11,69.79,Home,Almaty,completed
ORD-000713,U1061,2024-10-29,61.28,Books,Karaganda,completed
ORD-001599,U1222,2024-11-01,110.91,Home,Aktobe,completed
ORD-000405,U1033,2025-07-14,227.6,Clothing,Karaganda,completed
ORD-000710,U1061,2024-07-16,79.94,Home,Karaganda,completed
ORD-001001,U1095,2025-06-06,37.57,Beauty,Karaganda,completed
ORD-001298,U1181,2025-03-18,126.23,Books,Almaty,completed
ORD-002009,U1331,2024-01-28,96.21,Home,Karaganda,completed
ORD-000260,U1021,2025-07-05,151.57,Accessories,Astana,completed
ORD-001393,U1194,2024-02-27,152.19,Clothing,Pavlodar,completed
ORD-000798,U1070,2025-08-26,141.38,Home,Shymkent,completed
ORD-000837,U1076,2024-10-07,284.16,Sports,Astana,completed
ORD-001927,U1298,2024-07-15,30.88,Beauty,Pavlodar,completed
ORD-000923,U1086,2025-12-18,35.68,Books,Aktobe,completed
ORD-001583,U1220,2024-06-08,46.74,Accessories,Kostanay,completed
ORD-000285,U1022,2025-12-05,32.13,Books,Almaty,completed
ORD-001143,U1113,2025-03-07,76.76,Books,Pavlodar,completed
ORD-001035,U1100,2024-10-19,86.56,Electronics,Pavlodar,completed
ORD-000844,U1077,2024-07-31,113.39,Beauty,Atyrau,completed
ORD-000426,U1034,2025-08-25,401.75,Home,Almaty,completed
ORD-000011,U1002,2025-08-11,88.9,Accessories,Shymkent,completed
ORD-000707,U1060,2025-05-26,75.04,Books,Pavlodar,completed
ORD-000420,U1034,2025-07-09,342.74,Sports,Almaty,completed
ORD-000280,U1022,2025-08-25,134.75,Sports,Almaty,completed
ORD-001405,U1196,2024-12-17,153.52,Home,Shymkent,completed
ORD-001210,U1138,2025-11-27,15.1,Books,Aktobe,completed
ORD-001150,U1114,2024-06-24,174.04,Clothing,Atyrau,completed
ORD-000900,U1084,2024-06-25,61.88,Accessories,Astana,completed
ORD-001858,U1266,2024-04-16,39.96,Accessories,Kostanay,completed
ORD-000210,U1017,2025-10-13,114.99,Accessories,Kostanay,completed
ORD-001114,U1109,2025-12-16,58.61,Beauty,Karaganda,completed
ORD-000642,U1051,2025-12-19,89.76,Clothing,Almaty,completed
ORD-000924,U1087,2024-09-12,65.63,Books,Aktobe,completed
ORD-001418,U1198,2024-03-24,67.86,Accessories,Aktobe,completed
ORD-001057,U1102,2025-09-16,23.87,Books,Almaty,completed
ORD-000585,U1045,2025-10-10,352.28,Electronics,Astana,completed
ORD-001331,U1185,2025-02-03,146.95,Electronics,Pavlodar,completed
ORD-000433,U1034,2025-12-19,249.19,Sports,Almaty,completed
ORD-000945,U1089,2024-07-27,74.56,Books,Karaganda,completed
ORD-000904,U1084,2025-10-19,62.45,Sports,Astana,completed
ORD-000265,U1021,2025-08-19,84.36,Sports,Astana,completed
ORD-000685,U1058,2024-08-25,113.85,Accessories,Kostanay,completed
ORD-000637,U1051,2025-03-24,137.29,Clothing,Almaty,completed
ORD-001542,U1215,2025-05-21,132.82,Beauty,Almaty,completed
ORD-000614,U1049,2024-08-09,57.81,Beauty,Kostanay,completed
ORD-001205,U1135,2025-11-27,65.16,Home,Atyrau,completed
ORD-000160,U1013,2025-11-16,172.09,Sports,Atyrau,completed
ORD-001244,U1156,2025-11-27,81.04,Sports,Karaganda,completed
ORD-001615,U1224,2024-04-03,54.09,Books,Almaty,completed
ORD-000858,U1078,2025-01-28,29.74,Beauty,Atyrau,completed
ORD-000940,U1088,2025-02-01,108.72,Accessories,Almaty,completed
ORD-001216,U1141,2025-12-13,155.89,Clothing,Pavlodar,completed
ORD-000234,U1019,2025-09-08,186.88,Sports,Shymkent,completed
ORD-000847,U1077,2025-01-22,76.2,Clothing,Atyrau,completed
ORD-001585,U1220,2024-09-30,153.73,Electronics,Kostanay,completed
ORD-001636,U1227,2024-01-02,92.88,Sports,Karaganda,completed
ORD-000678,U1056,2025-10-20,35.65,Accessories,Kostanay,completed
ORD-000493,U1038,2025-11-07,256.64,Home,Almaty,completed
ORD-001151,U1114,2024-09-16,96.22,Beauty,Atyrau,completed
ORD-000595,U1046,2025-09-15,73.05,Clothing,Astana,completed
ORD-001540,U1215,2024-11-23,186.94,Accessories,Almaty,completed
ORD-001916,U1293,2024-10-18,31.03,Accessories,Karaganda,completed
ORD-001809,U1253,2024-06-28,61.06,Clothing,Kostanay,completed
ORD-001870,U1271,2024-01-29,359.58,Electronics,Karaganda,completed
ORD-000032,U1003,2025-11-13,113.36,Clothing,Karaganda,completed
ORD-000424,U1034,2025-08-05,283.22,Beauty,Almaty,completed
ORD-001015,U1097,2025-06-18,155.64,Home,Pavlodar,completed
ORD-000417,U1033,2025-12-20,44.68,Beauty,Karaganda,completed
ORD-000150,U1012,2025-12-13,66.1,Books,Astana,completed
ORD-001276,U1173,2025-12-12,82.05,Home,Kostanay,completed
ORD-001643,U1227,2024-12-21,56.64,Home,Karaganda,completed
ORD-000381,U1030,2025-12-31,205.94,Clothing,Aktobe,completed
ORD-001647,U1228,2024-05-26,83.18,Home,Almaty,completed
ORD-001095,U1106,2025-07-03,66.03,Accessories,Shymkent,completed
ORD-001686,U1233,2024-03-07,157.59,Sports,Karaganda,completed
ORD-000092,U1008,2025-10-11,248.88,Electronics,Pavlodar,completed
ORD-000760,U1066,2025-10-05,114.01,Beauty,Karaganda,completed
ORD-002121,U1058,2024-07-05,-144.21,Beauty,Kostanay,refunded
ORD-000366,U1030,2025-07-29,84.28,Clothing,Aktobe,completed
ORD-001905,U1288,2024-03-23,73.76,Beauty,Aktobe,completed
ORD-001458,U1203,2024-08-10,75.11,Clothing,Astana,completed
ORD-000108,U1009,2025-10-06,282.25,Home,Almaty,completed
ORD-001379,U1192,2024-08-14,179.26,Sports,Aktobe,completed
ORD-001289,U1180,2025-12-24,108.02,Clothing,Shymkent,completed
ORD-001426,U1198,2025-05-15,161.98,Home,Aktobe,completed
ORD-001971,U1313,2024-10-14,36.52,Books,Almaty,completed
ORD-001613,U1223,2025-05-28,65.77,Books,Kostanay,completed
ORD-000058,U1005,2025-12-19,780.63,Electronics,Atyrau,completed
ORD-001710,U1236,2025-05-02,195.42,Electronics,Atyrau,completed
ORD-001262,U1166,2025-12-28,73.15,Beauty,Aktobe,completed
ORD-000356,U1029,2025-09-12,53.72,Beauty,Aktobe,completed
ORD-001639,U1227,2024-05-16,44.18,Books,Karaganda,completed
ORD-001350,U1189,2024-01-24,165.34,Home,Aktobe,completed
ORD-001126,U1111,2024-12-30,76.25,Beauty,Shymkent,completed
ORD-001099,U1107,2025-06-08,31.46,Books,Kostanay,completed
ORD-000113,U1009,2025-12-12,93.0,Accessories,Almaty,completed
ORD-000589,U1045,2025-12-11,215.49,Sports,Astana,completed
ORD-001116,U1110,2024-09-13,331.45,Electronics,Shymkent,completed
ORD-001374,U1191,2025-05-31,50.95,Books,Shymkent,completed
ORD-001111,U1109,2025-04-08,184.19,Electronics,Karaganda,completed
ORD-000992,U1094,2024-10-31,172.32,Clothing,Almaty,completed
ORD-001271,U1171,2025-12-13,92.9,Home,Shymkent,completed
ORD-000214,U1017,2025-12-13,212.7,Sports,Kostanay,completed
ORD-001007,U1096,2025-12-09,153.62,Home,Shymkent,completed
ORD-000049,U1005,2025-08-31,436.84,Electronics,Atyrau,completed
ORD-000906,U1085,2024-11-12,84.49,Beauty,Astana,completed
ORD-001321,U1184,2025-02-15,53.69,Books,Almaty,completed
ORD-002003,U1327,2024-01-23,62.27,Beauty,Astana,completed
ORD-000892,U1083,2024-12-06,46.4,Beauty,Almaty,completed
ORD-001784,U1248,2025-05-09,355.81,Electronics,Aktobe,completed
ORD-001654,U1229,2024-02-15,119.25,Electronics,Aktobe,completed
ORD-000600,U1047,2025-01-25,169.54,Home,Atyrau,completed
ORD-001708,U1236,2024-10-12,363.5,Home,Atyrau,completed
ORD-001110,U1109,2024-12-31,62.16,Beauty,Karaganda,completed
ORD-000278,U1022,2025-08-05,549.91,Accessories,Almaty,completed
ORD-001802,U1251,2024-08-21,115.85,Accessories,Astana,completed
ORD-001743,U1242,2024-09-02,140.25,Home,Astana,completed
ORD-000412,U1033,2025-10-24,163.85,Clothing,Karaganda,completed
ORD-000808,U1072,2025-06-13,75.77,Accessories,Aktobe,completed
ORD-001997,U1325,2024-03-29,10.35,Books,Almaty,completed
ORD-001090,U1105,2025-08-29,32.57,Books,Karaganda,completed
ORD-001080,U1105,2024-06-14,41.22,Books,Karaganda,completed
ORD-000657,U1053,2025-05-03,126.45,Sports,Shymkent,completed
ORD-000187,U1016,2025-07-24,185.72,Beauty,Almaty,completed
ORD-001728,U1240,2024-04-27,80.83,Accessories,Pavlodar,completed
ORD-001409,U1197,2024-01-31,96.31,Clothing,Atyrau,completed
ORD-000984,U1093,2024-09-24,87.53,Beauty,Aktobe,completed
ORD-000121,U1010,2025-09-21,136.03,Beauty,Kostanay,completed
ORD-002120,U1136,2025-06-28,-80.99,Beauty,Aktobe,refunded
ORD-000086,U1008,2025-07-28,170.05,Accessories,Pavlodar,completed
ORD-001744,U1242,2025-01-01,161.01,Clothing,Astana,completed
ORD-000386,U1031,2025-10-25,206.12,Beauty,Kostanay,completed
ORD-001228,U1147,2025-11-18,49.15,Accessories,Pavlodar,completed
ORD-000491,U1038,2025-11-03,362.09,Beauty,Almaty,completed
ORD-000290,U1023,2025-07-12,57.59,Books,Kostanay,completed
ORD-001655,U1229,2024-04-15,71.93,Beauty,Aktobe,completed
ORD-000505,U1039,2025-10-10,63.99,Books,Atyrau,completed
ORD-000693,U1058,2025-11-25,162.08,Accessories,Kostanay,completed
ORD-000135,U1011,2025-10-11,207.41,Sports,Shymkent,completed
ORD-000239,U1019,2025-12-03,141.18,Home,Shymkent,completed
ORD-000918,U1086,2025-01-17,48.69,Books,Aktobe,completed
ORD-000797,U1070,2025-07-20,74.22,Sports,Shymkent,completed
ORD-000932,U1087,2025-11-07,122.04,Home,Aktobe,completed
ORD-001664,U1230,2024-05-31,162.39,Beauty,Almaty,completed
ORD-001314,U1183,2025-04-13,328.35,Home,Astana,completed
ORD-000396,U1032,2025-07-29,68.68,Books,Shymkent,completed
ORD-001020,U1098,2024-09-23,96.32,Clothing,Atyrau,completed
ORD-001895,U1284,2024-05-20,139.83,Beauty,Atyrau,completed
ORD-000343,U1028,2025-09-20,104.34,Accessories,Shymkent,completed
ORD-001062,U1103,2024-11-24,245.59,Electronics,Astana,completed
ORD-000370,U1030,2025-09-04,304.07,Home,Aktobe,completed
ORD-001878,U1276,2024-02-09,11.23,Accessories,Shymkent,completed
ORD-001442,U1201,2024-01-28,114.33,Clothing,Astana,completed
ORD-001874,U1274,2024-04-28,69.63,Accessories,Almaty,completed
ORD-001570,U1219,2024-01-27,107.58,Sports,Aktobe,completed
ORD-001645,U1227,2025-02-22,136.76,Sports,Karaganda,completed
ORD-001101,U1107,2025-09-03,58.66,Sports,Kostanay,completed
ORD-001856,U1265,2024-01-18,97.72,Electronics,Astana,completed
ORD-000063,U1006,2025-08-15,233.42,Clothing,Almaty,completed
ORD-000912,U1086,2024-05-19,118.12,Electronics,Aktobe,completed
ORD-002107,U1354,2025-11-30,,Accessories,Karaganda,completed
ORD-001846,U1262,2024-02-04,93.2,Sports,Aktobe,completed
ORD-002033,U1341,2024-02-09,38.32,Clothing,Almaty,completed
ORD-000903,U1084,2025-05-27,102.68,Clothing,Astana,completed
ORD-000363,U1029,2025-12-24,404.19,Electronics,Aktobe,completed
ORD-001815,U1253,2025-02-04,89.58,Accessories,Kostanay,completed
ORD-000317,U1025,2025-11-24,122.7,Beauty,Karaganda,completed
ORD-000199,U1017,2025-07-09,84.73,Beauty,Kostanay,completed
ORD-000708,U1060,2025-07-07,108.69,Sports,Pavlodar,completed
ORD-000448,U1035,2025-11-30,102.65,Beauty,Astana,completed
ORD-001432,U1199,2025-01-26,315.92,Electronics,Pavlodar,completed
ORD-000373,U1030,2025-10-26,130.86,Books,Aktobe,completed
ORD-001021,U1098,2025-02-11,263.37,Electronics,Atyrau,completed
ORD-001998,U1325,2024-08-20,37.42,Clothing,Almaty,completed
ORD-001958,U1309,2024-02-13,519.15,Electronics,Pavlodar,completed
ORD-000143,U1012,2025-08-27,544.36,Electronics,Astana,completed
ORD-001720,U1238,2024-09-26,61.05,Books,Shymkent,completed
ORD-001230,U1148,2025-12-27,107.52,Electronics,Atyrau,completed
ORD-000628,U1050,2025-02-16,198.63,Electronics,Kostanay,completed
ORD-000788,U1070,2024-05-06,64.44,Sports,Shymkent,completed
ORD-000670,U1055,2025-04-16,122.84,Clothing,Aktobe,completed
ORD-000010,U1002,2025-07-19,236.77,Home,Shymkent,completed
ORD-001303,U1182,2024-06-26,111.05,Clothing,Karaganda,completed
ORD-001084,U1105,2024-09-30,42.52,Books,Karaganda,completed
ORD-000004,U1001,2025-08-27,96.86,Beauty,Astana,completed
ORD-001719,U1238,2024-05-31,121.0,Home,Shymkent,completed
ORD-000196,U1016,2025-10-21,97.56,Sports,Almaty,completed
ORD-001821,U1254,2024-10-17,152.44,Clothing,Shymkent,completed
ORD-001835,U1257,2024-02-28,58.24,Beauty,Almaty,completed
ORD-001141,U1113,2024-09-25,48.22,Accessories,Pavlodar,completed
ORD-000125,U1010,2025-10-24,115.67,Accessories,Kostanay,completed
ORD-000042,U1004,2025-10-28,168.89,Clothing,Pavlodar,completed
ORD-000528,U1041,2025-07-31,154.16,Beauty,Almaty,completed
ORD-001073,U1104,2024-10-25,286.58,Electronics,Pavlodar,completed
ORD-001191,U1129,2025-11-17,73.9,Sports,Almaty,completed
ORD-001223,U1145,2025-12-13,56.83,Clothing,Almaty,completed
ORD-002045,U1344,2024-01-25,84.59,Sports,Kostanay,completed
ORD-000168,U1014,2025-11-03,114.62,Home,Almaty,completed
ORD-000720,U1062,2024-12-10,159.75,Electronics,Atyrau,completed
ORD-000465,U1036,2025-12-29,62.28,Accessories,Pavlodar,completed
ORD-002010,U1331,2024-06-07,31.79,Beauty,Karaganda,completed
ORD-001543,U1215,2025-05-29,135.07,Beauty,Almaty,completed
ORD-000534,U1041,2025-11-11,238.47,Clothing,Almaty,completed
ORD-002062,U1352,2024-01-17,147.87,Electronics,Pavlodar,completed
ORD-001887,U1281,2024-04-15,341.95,Electronics,Pavlodar,completed
ORD-002017,U1335,2024-07-12,100.7,Electronics,Atyrau,completed
ORD-001619,U1224,2025-03-12,96.27,Sports,Almaty,completed
ORD-000882,U1082,2024-08-17,139.79,Books,Karaganda,completed
ORD-001866,U1269,2024-10-25,94.17,Electronics,Aktobe,completed
ORD-001962,U1310,2024-09-19,55.19,Clothing,Aktobe,completed
ORD-001679,U1232,2024-04-23,205.54,Beauty,Pavlodar,completed
ORD-002075,U1357,2024-01-12,70.54,Sports,Shymkent,completed
ORD-000375,U1030,2025-11-04,213.34,Home,Aktobe,completed
ORD-000704,U1060,2024-06-27,200.28,Home,Pavlodar,completed
ORD-000284,U1022,2025-10-29,156.38,Beauty,Almaty,completed
ORD-000972,U1091,2025-04-12,70.57,Accessories,Pavlodar,completed
ORD-000781,U1069,2025-04-24,99.69,Sports,Almaty,completed
ORD-001806,U1252,2024-05-31,101.69,Books,Kostanay,completed
ORD-000794,U1070,2024-12-14,67.32,Clothing,Shymkent,completed
ORD-001176,U1121,2025-11-29,40.7,Books,Astana,completed
ORD-001823,U1255,2024-04-08,78.27,Books,Kostanay,completed
ORD-000193,U1016,2025-09-22,116.14,Sports,Almaty,completed
ORD-001381,U1192,2024-10-14,81.61,Home,Aktobe,completed
ORD-001813,U1253,2024-12-05,168.59,Sports,Kostanay,completed
ORD-000245,U1020,2025-08-07,116.33,Books,Astana,completed
ORD-002002,U1326,2024-10-27,104.94,Clothing,Atyrau,completed
ORD-000061,U1006,2025-08-09,92.64,Books,Almaty,completed
ORD-001833,U1257,2024-01-01,69.49,Clothing,Almaty,completed
ORD-000368,U1030,2025-08-11,312.29,Home,Aktobe,completed
ORD-001402,U1196,2024-05-28,195.31,Clothing,Shymkent,completed
ORD-000399,U1032,2025-08-31,256.48,Home,Shymkent,completed
ORD-000331,U1027,2025-09-19,133.97,Beauty,Karaganda,completed
ORD-000848,U1077,2025-03-07,123.71,Accessories,Atyrau,completed
ORD-001085,U1105,2024-10-11,57.63,Books,Karaganda,completed
ORD-001490,U1208,2025-03-10,257.72,Electronics,Kostanay,completed
ORD-000146,U1012,2025-10-17,140.17,Accessories,Astana,completed
ORD-000246,U1020,2025-08-07,104.41,Beauty,Astana,completed
ORD-001204,U1134,2025-12-25,23.06,Accessories,Astana,completed
ORD-001917,U1294,2024-08-02,96.79,Beauty,Shymkent,completed
ORD-001252,U1160,2025-11-17,140.1,Electronics,Pavlodar,completed
ORD-002031,U1340,2024-05-04,82.55,Home,Pavlodar,completed
ORD-000645,U1052,2024-10-10,207.15,Accessories,Karaganda,completed
ORD-001202,U1134,2025-11-07,74.46,Sports,Astana,completed
ORD-001769,U1246,2025-03-21,184.21,Home,Astana,completed
ORD-001807,U1252,2024-10-03,215.27,Clothing,Kostanay,completed
ORD-000834,U1075,2025-07-06,78.52,Clothing,Shymkent,completed
ORD-001474,U1205,2024-10-12,40.77,Books,Kostanay,completed
ORD-001322,U1185,2024-02-07,152.76,Sports,Pavlodar,completed
ORD-000477,U1037,2025-11-10,123.6,Electronics,Kostanay,completed
ORD-000677,U1056,2025-03-18,111.59,Beauty,Kostanay,completed
ORD-002051,U1347,2024-01-20,82.16,Home,Atyrau,completed
ORD-001269,U1170,2025-11-20,233.51,Home,Shymkent,completed
ORD-001892,U1283,2024-08-27,31.06,Beauty,Aktobe,completed
ORD-001844,U1261,2024-09-13,76.38,Clothing,Shymkent,completed
ORD-000441,U1035,2025-09-22,155.88,Electronics,Astana,completed
ORD-000812,U1073,2024-09-09,100.73,Clothing,Aktobe,completed
ORD-000274,U1021,2025-11-08,123.79,Accessories,Astana,completed
ORD-000883,U1082,2025-05-02,113.06,Clothing,Karaganda,completed
ORD-001006,U1096,2025-09-11,75.9,Clothing,Shymkent,completed
ORD-002114,U1164,2025/13/01,403.41,Electronics,Karaganda,completed
ORD-000057,U1005,2025-12-19,224.84,Clothing,Atyrau,completed
ORD-000517,U1040,2025-09-16,353.71,Home,Astana,completed
ORD-001167,U1115,2024-12-19,201.42,Sports,Astana,completed
ORD-001545,U1216,2024-05-20,144.52,Beauty,Atyrau,completed
ORD-001890,U1282,2024-10-10,83.07,Home,Almaty,completed
ORD-000726,U1062,2025-11-26,35.09,Accessories,Atyrau,completed
ORD-000131,U1011,2025-07-17,71.6,Books,Shymkent,completed
ORD-000303,U1024,2025-10-01,199.51,Sports,Kostanay,completed
ORD-000977,U1092,2025-04-13,57.29,Beauty,Atyrau,completed
ORD-001427,U1199,2024-01-26,89.45,Home,Pavlodar,completed
ORD-000118,U1010,2025-09-01,206.89,Clothing,Kostanay,completed
ORD-001145,U1113,2025-08-30,87.13,Clothing,Pavlodar,completed
ORD-000919,U1086,2025-02-02,89.12,Clothing,Aktobe,completed
ORD-001344,U1187,2025-04-29,41.16,Beauty,Astana,completed
ORD-000046,U1004,2025-12-20,197.76,Sports,Pavlodar,completed
ORD-000351,U1028,2025-12-04,46.94,Books,Shymkent,completed
ORD-000133,U1011,2025-07-30,104.76,Sports,Shymkent,completed
ORD-001637,U1227,2024-03-26,210.47,Beauty,Karaganda,completed
ORD-001459,U1203,2024-11-29,316.85,Electronics,Astana,completed
ORD-001367,U1191,2024-09-24,161.94,Sports,Shymkent,completed
ORD-001358,U1189,2025-03-30,231.49,Electronics,Aktobe,completed
ORD-000943,U1088,2025-07-24,49.92,Books,Almaty,completed
ORD-000109,U1009,2025-10-18,72.94,Books,Almaty,completed
ORD-002007,U1330,2024-01-06,25.69,Books,Almaty,completed
ORD-000552,U1042,2025-12-07,69.61,Accessories,Aktobe,completed
ORD-000953,U1089,2025-05-07,96.67,Beauty,Karaganda,completed
ORD-000459,U1036,2025-10-27,167.12,Clothing,Pavlodar,completed
ORD-002054,U1348,2024-04-08,53.55,Sports,Pavlodar,completed
ORD-001384,U1192,2025-05-20,175.84,Electronics,Aktobe,completed
ORD-001376,U1192,2024-02-07,139.07,Sports,Aktobe,completed
ORD-001238,U1151,2025-12-27,115.52,Sports,Shymkent,completed
ORD-000215,U1017,2025-12-23,101.67,Beauty,Kostanay,completed
ORD-000643,U1052,2024-07-30,312.44,Home,Karaganda,completed
ORD-001097,U1106,2025-08-20,195.07,Sports,Shymkent,completed
ORD-001788,U1249,2024-06-17,39.59,Beauty,Kostanay,completed
ORD-001040,U1100,2025-04-19,56.3,Books,Pavlodar,completed
ORD-001663,U1230,2024-05-30,206.01,Home,Almaty,completed
ORD-000264,U1021,2025-08-16,127.69,Home,Astana,completed
ORD-001186,U1127,2025-12-02,76.22,Electronics,Aktobe,completed
ORD-001677,U1232,2024-02-02,204.05,Home,Pavlodar,completed
ORD-000506,U1039,2025-10-18,527.18,Electronics,Atyrau,completed
ORD-000659,U1053,2025-09-14,46.52,Accessories,Shymkent,completed
ORD-001782,U1248,2024-09-27,212.89,Sports,Aktobe,completed
ORD-000158,U1013,2025-11-09,297.33,Home,Atyrau,completed
ORD-000732,U1063,2025-08-14,115.78,Accessories,Pavlodar,completed
ORD-001983,U1319,2024-09-24,38.79,Books,Astana,completed
ORD-000656,U1053,2024-12-20,73.28,Beauty,Shymkent,completed
ORD-000481,U1037,2025-12-29,222.74,Beauty,Kostanay,completed
ORD-000747,U1065,2025-01-08,118.2,Clothing,Pavlodar,completed
ORD-000759,U1066,2025-09-27,28.02,Beauty,Karaganda,completed
ORD-000884,U1082,2025-06-30,97.41,Sports,Karaganda,completed
ORD-001882,U1278,2024-04-28,60.28,Beauty,Karaganda,completed
ORD-000746,U1065,2024-12-13,111.74,Home,Pavlodar,completed
ORD-000536,U1041,2025-12-18,91.91,Beauty,Almaty,completed
ORD-000793,U1070,2024-09-26,129.0,Clothing,Shymkent,completed
ORD-001438,U1200,2025-03-03,89.66,Clothing,Karaganda,completed
ORD-001285,U1178,2025-12-23,125.33,Home,Kostanay,completed
ORD-000819,U1073,2025-10-06,105.72,Sports,Aktobe,completed
ORD-001190,U1128,2025-12-02,80.81,Sports,Aktobe,completed
ORD-001447,U1202,2024-01-08,445.55,Electronics,Aktobe,completed
ORD-002086,U1360,2024-03-04,46.99,Clothing,Kostanay,completed
ORD-001407,U1197,2024-01-07,92.44,Sports,Atyrau,completed
ORD-000394,U1032,2025-07-18,76.75,Books,Shymkent,completed
ORD-001164,U1115,2024-09-11,234.1,Electronics,Astana,completed
ORD-001129,U1111,2025-12-10,104.1,Electronics,Shymkent,completed
ORD-001140,U1113,2024-09-20,150.06,Clothing,Pavlodar,completed
ORD-000849,U1077,2025-03-12,41.09,Beauty,Atyrau,completed
ORD-001941,U1304,2024-04-02,61.36,Beauty,Karaganda,completed
ORD-000990,U1094,2024-06-25,56.47,Books,Almaty,completed
ORD-001254,U1161,2025-12-28,54.76,Beauty,Atyrau,completed
ORD-000043,U1004,2025-12-13,130.71,Sports,Pavlodar,completed
ORD-000500,U1039,2025-07-24,175.51,Clothing,Atyrau,completed
ORD-001586,U1220,2025-01-22,152.59,Sports,Kostanay,completed
ORD-000026,U1003,2025-07-29,41.27,Accessories,Karaganda,completed
ORD-001718,U1238,2024-04-26,206.31,Electronics,Shymkent,completed
ORD-001415,U1197,2025-01-19,74.89,Beauty,Atyrau,completed
ORD-001425,U1198,2025-04-26,89.68,Beauty,Aktobe,completed
ORD-000463,U1036,2025-11-29,309.26,Home,Pavlodar,completed
ORD-000503,U1039,2025-09-22,227.02,Beauty,Atyrau,completed
ORD-000449,U1035,2025-12-02,47.69,Books,Astana,completed
ORD-000460,U1036,2025-11-17,35.28,Books,Pavlodar,completed
ORD-001485,U1208,2024-06-17,70.95,Beauty,Kostanay,completed
ORD-001991,U1323,2024-01-13,38.08,Accessories,Atyrau,completed
ORD-000561,U1043,2025-12-26,220.11,Home,Astana,completed
ORD-000318,U1025,2025-12-04,253.14,Sports,Karaganda,completed
ORD-002109,U1091,2025-01-21,,Sports,Aktobe,completed
ORD-000504,U1039,2025-09-30,268.95,Electronics,Atyrau,completed
ORD-001507,U1211,2024-07-09,68.75,Accessories,Pavlodar,completed
ORD-000907,U1085,2025-03-25,74.45,Beauty,Astana,completed
ORD-001494,U1209,2025-01-19,326.46,Sports,Aktobe,completed
ORD-000664,U1054,2025-05-02,76.07,Beauty,Aktobe,completed
ORD-001748,U1243,2024-05-04,279.92,Electronics,Atyrau,completed
ORD-001168,U1115,2025-03-11,199.49,Electronics,Astana,completed
ORD-001767,U1246,2024-11-23,326.74,Sports,Astana,completed
ORD-002032,U1340,2024-07-17,50.42,Sports,Pavlodar,completed
ORD-001455,U1203,2024-03-19,151.79,Home,Astana,completed
ORD-001712,U1237,2024-02-25,123.9,Clothing,Aktobe,completed
ORD-000273,U1021,2025-11-02,1123.91,Home,Astana,completed
ORD-001699,U1234,2025-05-28,101.58,Home,Shymkent,completed
ORD-001621,U1225,2024-04-09,156.24,Sports,Atyrau,completed
ORD-001612,U1223,2025-05-22,92.29,Accessories,Kostanay,completed
ORD-000697,U1059,2025-05-29,130.77,Sports,Shymkent,completed
ORD-000299,U1024,2025-07-09,100.38,Sports,Kostanay,completed
ORD-000540,U1042,2025-07-23,77.8,Clothing,Aktobe,completed
ORD-002123,U1227,2024-12-16,0,Books,Shymkent,cancelled
ORD-001257,U1164,2025-11-08,55.82,Home,Kostanay,completed
ORD-001372,U1191,2025-03-18,52.85,Accessories,Shymkent,completed
ORD-000192,U1016,2025-09-14,241.16,Beauty,Almaty,completed
ORD-002077,U1357,2024-07-08,46.15,Books,Shymkent,completed
ORD-000156,U1013,2025-10-14,148.96,Sports,Atyrau,completed
ORD-001618,U1224,2024-07-23,162.35,Clothing,Almaty,completed
ORD-002085,U1360,2024-02-23,114.22,Accessories,Kostanay,completed
ORD-000365,U1029,2025-12-28,118.05,Beauty,Aktobe,completed
ORD-001533,U1214,2025-01-21,198.38,Electronics,Astana,completed
ORD-001147,U1113,2025-12-23,69.65,Books,Pavlodar,completed
ORD-000607,U1048,2024-09-29,54.1,Clothing,Pavlodar,completed
ORD-002097,U1343,,247.27,Beauty,Karaganda,completed
ORD-001934,U1300,2024-08-09,89.52,Electronics,Astana,completed
ORD-001037,U1100,2024-12-02,31.99,Beauty,Pavlodar,completed
ORD-000636,U1051,2025-02-27,165.98,Accessories,Almaty,completed
ORD-001192,U1129,2025-12-02,29.3,Accessories,Almaty,completed
ORD-000389,U1031,2025-11-21,59.88,Accessories,Kostanay,completed
ORD-000229,U1018,2025-10-24,140.32,Electronics,Karaganda,completed
ORD-001876,U1275,2024-02-09,97.89,Beauty,Almaty,completed
ORD-001771,U1247,2024-01-11,107.32,Accessories,Atyrau,completed
ORD-000346,U1028,2025-10-25,95.03,Sports,Shymkent,completed
ORD-001555,U1217,2024-07-04,109.82,Accessories,Kostanay,completed
ORD-000741,U1064,2025-06-05,56.08,Beauty,Almaty,completed
ORD-000897,U1083,2025-10-13,41.28,Beauty,Almaty,completed
ORD-001673,U1231,2024-05-21,72.14,Clothing,Pavlodar,completed
ORD-000719,U1062,2024-08-26,76.15,Books,Atyrau,completed
ORD-001464,U1204,2024-01-05,112.5,Clothing,Astana,completed
ORD-000543,U1042,2025-09-13,55.72,Electronics,Aktobe,completed
ORD-001626,U1226,2024-02-14,32.36,Books,Kostanay,completed
ORD-001445,U1201,2024-06-30,111.44,Home,Astana,completed
ORD-001672,U1231,2024-04-30,108.07,Beauty,Pavlodar,completed
ORD-001497,U1209,2025-05-07,218.24,Home,Aktobe,completed
ORD-001826,U1255,2024-11-16,155.12,Sports,Kostanay,completed
ORD-001818,U1254,2024-05-26,69.87,Clothing,Shymkent,completed
ORD-000641,U1051,2025-09-22,46.66,Beauty,Almaty,completed
ORD-000832,U1075,2025-04-11,357.26,Home,Shymkent,completed
ORD-001310,U1183,2024-04-18,208.74,Clothing,Astana,completed
ORD-001911,U1291,2024-10-21,13.51,Books,Kostanay,completed
ORD-001466,U1204,2024-02-23,173.72,Electronics,Astana,completed
ORD-001824,U1255,2024-05-21,309.32,Home,Kostanay,completed
ORD-001915,U1293,2024-08-02,79.65,Home,Karaganda,completed
ORD-000467,U1037,2025-07-12,88.18,Accessories,Kostanay,completed
ORD-001103,U1108,2024-06-03,72.53,Beauty,Kostanay,completed
ORD-001263,U1167,2025-11-02,129.04,Electronics,Astana,completed
ORD-000721,U1062,2025-01-02,171.26,Sports,Atyrau,completed
ORD-000684,U1058,2024-06-25,250.23,Electronics,Kostanay,completed
ORD-000183,U1015,2025-12-04,173.54,Accessories,Shymkent,completed
ORD-002098,U1159,,69.54,Clothing,Aktobe,completed
ORD-000353,U1029,2025-08-01,91.96,Books,Aktobe,completed
ORD-001982,U1318,2024-10-30,42.9,Clothing,Karaganda,completed
ORD-000822,U1073,2025-12-12,91.89,Home,Aktobe,completed
ORD-001580,U1220,2024-05-09,50.62,Accessories,Kostanay,completed
ORD-001328,U1185,2024-10-17,124.28,Books,Pavlodar,completed
ORD-001121,U1110,2025-10-16,63.68,Beauty,Shymkent,completed
ORD-001144,U1113,2025-04-09,69.16,Beauty,Pavlodar,completed
ORD-000429,U1034,2025-10-14,118.15,Books,Almaty,completed
ORD-001558,U1217,2025-03-20,116.53,Books,Kostanay,completed
ORD-001779,U1248,2024-03-25,136.68,Beauty,Aktobe,completed
ORD-002042,U1343,2024-08-30,31.27,Accessories,Kostanay,completed
ORD-000939,U1088,2024-12-14,75.04,Sports,Almaty,completed
ORD-000665,U1054,2025-06-24,295.96,Electronics,Aktobe,completed
ORD-000098,U1008,2025-12-24,107.29,Home,Pavlodar,completed
ORD-000914,U1086,2024-07-01,44.32,Accessories,Aktobe,completed
ORD-000567,U1044,2025-09-10,113.79,Accessories,Karaganda,completed
ORD-001549,U1216,2024-10-25,109.5,Home,Atyrau,completed
ORD-000722,U1062,2025-04-20,128.85,Home,Atyrau,completed
ORD-001693,U1234,2024-05-24,189.26,Sports,Shymkent,completed
ORD-001399,U1195,2024-07-17,26.91,Beauty,Karaganda,completed
ORD-000735,U1064,2024-09-25,75.66,Books,Almaty,completed
ORD-000520,U1040,2025-12-01,168.08,Home,Astana,completed
ORD-001903,U1287,2024-02-25,23.81,Books,Karaganda,completed
ORD-001812,U1253,2024-11-12,214.03,Home,Kostanay,completed
ORD-000845,U1077,2024-10-07,89.56,Clothing,Atyrau,completed
ORD-000599,U1047,2024-12-18,18.42,Books,Atyrau,completed
ORD-000203,U1017,2025-08-30,212.03,Clothing,Kostanay,completed
ORD-001473,U1205,2024-03-09,224.94,Sports,Kostanay,completed
ORD-001292,U1181,2024-04-15,125.54,Books,Almaty,completed
ORD-000050,U1005,2025-09-06,101.19,Accessories,Atyrau,completed
ORD-000371,U1030,2025-09-08,36.19,Books,Aktobe,completed
ORD-001162,U1115,2024-09-06,66.54,Accessories,Astana,completed
ORD-000443,U1035,2025-09-27,44.24,Books,Astana,completed
ORD-001652,U1229,2024-01-02,67.26,Clothing,Aktobe,completed
ORD-001371,U1191,2024-12-16,94.33,Accessories,Shymkent,completed
ORD-000885,U1082,2025-08-13,123.39,Beauty,Karaganda,completed
ORD-001287,U1180,2025-11-16,63.48,Books,Shymkent,completed
ORD-002113,U1238,unknown,85.2,Accessories,Almaty,completed
ORD-000077,U1007,2025-09-22,115.36,Accessories,Atyrau,completed
ORD-001493,U1209,2024-11-09,131.8,Home,Aktobe,completed
ORD-001175,U1120,2025-12-25,705.13,Electronics,Pavlodar,completed
ORD-000944,U1088,2025-09-14,105.65,Electronics,Almaty,completed
ORD-001978,U1317,2024-02-01,46.39,Sports,Astana,completed
ORD-001873,U1274,2024-02-17,36.63,Sports,Almaty,completed
ORD-001640,U1227,2024-08-03,63.62,Books,Karaganda,completed
ORD-000082,U1007,2025-12-18,130.62,Clothing,Atyrau,completed
ORD-000807,U1072,2025-04-16,53.75,Accessories,Aktobe,completed
ORD-001482,U1207,2024-10-22,350.36,Sports,Atyrau,completed
ORD-001237,U1151,2025-11-25,73.83,Accessories,Shymkent,completed
ORD-001378,U1192,2024-08-02,91.28,Sports,Aktobe,completed
ORD-001189,U1128,2025-11-28,126.83,Sports,Aktobe,completed
ORD-001893,U1284,2024-01-20,16.38,Books,Atyrau,completed
ORD-002080,U1358,2024-08-24,35.09,Accessories,Kostanay,completed
ORD-001528,U1214,2024-04-02,62.89,Accessories,Astana,completed
ORD-001746,U1242,2025-04-09,282.3,Sports,Astana,completed
ORD-002046,U1344,2024-05-24,36.89,Beauty,Kostanay,completed
ORD-000202,U1017,2025-08-25,101.77,Accessories,Kostanay,completed
ORD-001317,U1184,2024-03-27,55.53,Beauty,Almaty,completed
ORD-001729,U1240,2024-07-19,109.83,Home,Pavlodar,completed
ORD-000221,U1018,2025-09-19,296.37,Electronics,Karaganda,completed
ORD-001989,U1322,2024-03-14,37.8,Accessories,Karaganda,completed
ORD-000087,U1008,2025-08-07,93.96,Accessories,Pavlodar,completed
ORD-000784,U1069,2025-09-01,102.28,Beauty,Almaty,completed
ORD-002065,U1353,2024-07-31,44.91,Accessories,Shymkent,completed
ORD-001839,U1259,2024-05-20,43.96,Books,Kostanay,completed
ORD-002067,U1353,2024-10-16,105.97,Electronics,Shymkent,completed
ORD-000770,U1068,2024-10-22,141.62,Home,Almaty,completed
ORD-001159,U1114,2025-07-04,276.14,Home,Atyrau,completed
ORD-001243,U1156,2025-11-12,34.27,Accessories,Karaganda,completed
ORD-001149,U1114,2024-06-19,94.1,Books,Atyrau,completed
ORD-001000,U1095,2025-05-08,431.73,Clothing,Karaganda,completed
ORD-001452,U1202,2025-04-01,195.87,Sports,Aktobe,completed
ORD-000213,U1017,2025-11-17,93.46,Clothing,Kostanay,completed
ORD-000545,U1042,2025-10-03,101.52,Accessories,Aktobe,completed
ORD-001364,U1190,2025-04-01,130.56,Home,Shymkent,completed
ORD-000889,U1083,2024-05-07,197.45,Electronics,Almaty,completed
ORD-001211,U1139,2025-11-10,58.31,Clothing,Karaganda,completed
ORD-000454,U1036,2025-08-16,171.13,Beauty,Pavlodar,completed
ORD-001014,U1097,2025-05-14,57.88,Accessories,Pavlodar,completed
ORD-001596,U1222,2024-01-07,60.1,Beauty,Aktobe,completed
ORD-000498,U1039,2025-07-01,65.51,Home,Atyrau,completed
ORD-000995,U1094,2025-07-11,75.87,Books,Almaty,completed
ORD-001461,U1203,2025-02-25,98.36,Beauty,Astana,completed
ORD-000208,U1017,2025-10-03,288.32,Home,Kostanay,completed
ORD-000027,U1003,2025-08-11,137.65,Clothing,Karaganda,completed
ORD-000171,U1014,2025-11-19,228.58,Sports,Almaty,completed
ORD-000731,U1063,2025-04-05,107.7,Beauty,Pavlodar,completed
ORD-001676,U1232,2024-01-14,91.0,Sports,Pavlodar,completed
ORD-001366,U1191,2024-08-03,153.65,Clothing,Shymkent,completed
ORD-002071,U1355,2024-07-25,185.71,Clothing,Atyrau,completed
ORD-001733,U1241,2024-06-23,33.66,Accessories,Atyrau,completed
ORD-001041,U1100,2025-07-25,40.74,Books,Pavlodar,completed
ORD-001312,U1183,2024-06-20,109.37,Beauty,Astana,completed
ORD-000516,U1040,2025-09-11,90.53,Sports,Astana,completed
ORD-001891,U1283,2024-07-14,44.22,Books,Aktobe,completed
ORD-002127,U1099,2025-02-09,0,Accessories,Shymkent,cancelled
ORD-001741,U1242,2024-07-10,39.52,Books,Astana,completed
ORD-001307,U1183,2024-02-21,43.13,Books,Astana,completed
ORD-000117,U1010,2025-09-01,121.68,Beauty,Kostanay,completed
ORD-000864,U1078,2025-09-23,176.98,Books,Atyrau,completed
ORD-002037,U1342,2024-02-12,54.68,Accessories,Astana,completed
ORD-002103,U1321,,43.72,Beauty,Astana,completed
ORD-001013,U1097,2025-02-26,139.68,Electronics,Pavlodar,completed
ORD-001362,U1190,2024-07-27,70.76,Accessories,Shymkent,completed
ORD-000495,U1038,2025-12-15,125.92,Accessories,Almaty,completed
ORD-001829,U1255,2025-03-28,124.99,Accessories,Kostanay,completed
ORD-001227,U1146,2025-12-30,185.1,Clothing,Aktobe,completed
ORD-001780,U1248,2024-04-04,141.48,Books,Aktobe,completed
ORD-000182,U1015,2025-11-27,207.22,Books,Shymkent,completed
ORD-000212,U1017,2025-10-22,43.34,Books,Kostanay,completed
ORD-001071,U1104,2024-09-01,41.73,Books,Pavlodar,completed
ORD-002111,U1033,2025-02-30,456.82,Clothing,Aktobe,completed
ORD-000597,U1046,2025-12-07,49.07,Books,Astana,completed
ORD-000998,U1095,2025-03-29,78.4,Sports,Karaganda,completed
ORD-001417,U1198,2024-02-24,95.03,Accessories,Aktobe,completed
ORD-001454,U1202,2025-05-29,147.76,Electronics,Aktobe,completed
ORD-000345,U1028,2025-10-09,57.43,Accessories,Shymkent,completed
ORD-001199,U1132,2025-12-08,97.74,Home,Almaty,completed
ORD-000873,U1080,2025-08-04,75.33,Accessories,Shymkent,completed
ORD-000956,U1089,2025-10-19,28.8,Books,Karaganda,completed
ORD-001284,U1178,2025-12-10,61.29,Sports,Kostanay,completed
ORD-000232,U1019,2025-07-13,90.79,Home,Shymkent,completed
ORD-000524,U1040,2025-12-16,23.69,Books,Astana,completed
ORD-002057,U1350,2024-07-23,221.5,Electronics,Shymkent,completed
ORD-000084,U1008,2025-07-02,68.85,Accessories,Pavlodar,completed
ORD-000558,U1043,2025-09-22,479.85,Electronics,Astana,completed
ORD-000700,U1059,2025-09-29,306.47,Electronics,Shymkent,completed
ORD-001475,U1205,2025-01-12,22.31,Books,Kostanay,completed
ORD-001563,U1218,2024-03-30,113.27,Beauty,Kostanay,completed
ORD-000315,U1025,2025-11-19,68.16,Books,Karaganda,completed
ORD-000931,U1087,2025-11-06,131.07,Clothing,Aktobe,completed
ORD-001250,U1159,2025-11-25,155.9,Electronics,Aktobe,completed
ORD-001109,U1109,2024-12-01,78.82,Beauty,Karaganda,completed
ORD-000527,U1041,2025-07-04,181.98,Clothing,Almaty,completed
ORD-000612,U1048,2025-12-31,205.0,Home,Pavlodar,completed
ORD-000898,U1084,2024-05-12,66.79,Sports,Astana,completed
ORD-001353,U1189,2024-07-29,54.18,Clothing,Aktobe,completed
ORD-000476,U1037,2025-09-26,333.17,Electronics,Kostanay,completed
ORD-000965,U1090,2025-05-24,175.14,Electronics,Shymkent,completed
ORD-001831,U1256,2024-03-14,100.79,Sports,Almaty,completed
ORD-001691,U1234,2024-03-21,222.84,Home,Shymkent,completed
ORD-000211,U1017,2025-10-22,143.23,Electronics,Kostanay,completed
ORD-001074,U1104,2024-12-05,133.61,Books,Pavlodar,completed
ORD-001776,U1247,2024-05-22,280.73,Clothing,Atyrau,completed
ORD-001067,U1103,2025-06-04,99.98,Accessories,Astana,completed
ORD-000241,U1019,2025-12-17,68.74,Beauty,Shymkent,completed
ORD-001778,U1247,2024-11-26,95.74,Sports,Atyrau,completed
ORD-000023,U1002,2025-12-27,112.05,Beauty,Shymkent,completed
ORD-001979,U1317,2024-02-18,45.54,Clothing,Astana,completed
ORD-000565,U1044,2025-08-05,140.6,Home,Karaganda,completed
ORD-001538,U1215,2024-10-07,37.19,Accessories,Almaty,completed
ORD-000292,U1023,2025-08-04,134.16,Sports,Kostanay,completed
ORD-000909,U1085,2025-05-10,63.96,Books,Astana,completed
ORD-001938,U1303,2024-03-18,25.51,Accessories,Karaganda,completed
ORD-001617,U1224,2024-07-15,119.01,Beauty,Almaty,completed
ORD-001377,U1192,2024-07-19,196.38,Sports,Aktobe,completed
ORD-001200,U1133,2025-11-13,71.73,Home,Aktobe,completed
ORD-002040,U1342,2024-07-26,58.78,Beauty,Astana,completed
ORD-001487,U1208,2024-07-21,87.17,Beauty,Kostanay,completed
ORD-001955,U1307,2024-10-10,29.74,Books,Almaty,completed
ORD-002034,U1341,2024-03-11,97.54,Home,Almaty,completed
ORD-001561,U1218,2024-02-10,113.39,Home,Kostanay,completed
ORD-000566,U1044,2025-08-21,77.43,Beauty,Karaganda,completed
ORD-001985,U1320,2024-01-02,45.75,Clothing,Karaganda,completed
ORD-000145,U1012,2025-09-07,572.35,Accessories,Astana,completed
ORD-000718,U1062,2024-05-10,59.33,Books,Atyrau,completed
ORD-001867,U1270,2024-02-06,68.48,Sports,Almaty,completed
ORD-000397,U1032,2025-08-18,381.78,Sports,Shymkent,completed
ORD-001212,U1140,2025-11-03,105.6,Clothing,Pavlodar,completed
ORD-000801,U1071,2025-02-26,64.09,Accessories,Astana,completed
ORD-001842,U1260,2024-06-30,58.01,Clothing,Kostanay,completed
ORD-001324,U1185,2024-04-05,73.66,Beauty,Pavlodar,completed
ORD-000327,U1026,2025-12-14,211.07,Electronics,Almaty,completed
ORD-000802,U1071,2025-04-14,189.88,Electronics,Astana,completed
ORD-000497,U1038,2025-12-29,98.09,Accessories,Almaty,completed
ORD-000329,U1027,2025-08-18,105.65,Clothing,Karaganda,completed
ORD-001947,U1305,2024-08-25,35.12,Accessories,Karaganda,completed
ORD-000295,U1023,2025-09-14,212.97,Home,Kostanay,completed
ORD-001860,U1267,2024-06-01,79.99,Electronics,Astana,completed
ORD-000841,U1076,2025-06-04,100.08,Sports,Astana,completed
ORD-001547,U1216,2024-06-16,191.2,Electronics,Atyrau,completed
ORD-000122,U1010,2025-09-25,88.76,Beauty,Kostanay,completed
ORD-000137,U1011,2025-11-03,94.8,Clothing,Shymkent,completed
ORD-001217,U1142,2025-11-06,108.83,Clothing,Aktobe,completed
ORD-001256,U1163,2025-11-04,48.83,Clothing,Karaganda,completed
ORD-001623,U1225,2024-05-13,62.39,Books,Atyrau,completed
ORD-001945,U1305,2024-03-31,83.4,Accessories,Karaganda,completed
ORD-000639,U1051,2025-06-19,163.19,Electronics,Almaty,completed
ORD-001662,U1230,2024-04-25,175.74,Clothing,Almaty,completed
ORD-001139,U1113,2024-07-28,253.74,Home,Pavlodar,completed
ORD-001451,U1202,2024-10-09,131.75,Accessories,Aktobe,completed
ORD-000515,U1040,2025-08-22,96.04,Accessories,Astana,completed
ORD-000154,U1013,2025-08-18,921.69,Home,Atyrau,completed
ORD-000001,U1001,2025-07-23,110.45,Home,Astana,completed
ORD-000615,U1049,2024-12-20,62.19,Clothing,Kostanay,completed
ORD-001478,U1206,2025-04-04,66.28,Beauty,Atyrau,completed
ORD-001128,U1111,2025-07-26,113.62,Home,Shymkent,completed
ORD-000660,U1054,2024-06-10,222.94,Books,Aktobe,completed
ORD-000959,U1090,2024-07-09,51.91,Sports,Shymkent,completed
ORD-001851,U1263,2024-04-28,224.2,Electronics,Kostanay,completed
ORD-000863,U1078,2025-08-18,103.6,Beauty,Atyrau,completed
ORD-001069,U1103,2025-11-19,77.31,Clothing,Astana,completed
ORD-001879,U1276,2024-03-03,22.44,Books,Shymkent,completed
ORD-000608,U1048,2025-01-20,409.65,Electronics,Pavlodar,completed
ORD-000821,U1073,2025-11-05,84.41,Accessories,Aktobe,completed
ORD-002038,U1342,2024-02-21,59.21,Sports,Astana,completed
ORD-000571,U1044,2025-10-31,328.02,Clothing,Karaganda,completed
ORD-000415,U1033,2025-12-02,38.95,Beauty,Karaganda,completed
ORD-001969,U1313,2024-04-17,69.53,Sports,Almaty,completed
ORD-001249,U1159,2025-11-20,112.79,Home,Aktobe,completed
ORD-001108,U1109,2024-08-25,86.78,Accessories,Karaganda,completed
ORD-000312,U1025,2025-10-03,106.2,Accessories,Karaganda,completed
ORD-001467,U1204,2024-07-25,338.64,Electronics,Astana,completed
ORD-001539,U1215,2024-11-12,51.2,Accessories,Almaty,completed
ORD-001739,U1242,2024-01-26,236.99,Beauty,Astana,completed
ORD-001267,U1169,2025-12-09,46.51,Accessories,Astana,completed
ORD-001704,U1235,2025-02-27,80.6,Accessories,Atyrau,completed
ORD-001301,U1182,2024-05-12,131.81,Home,Karaganda,completed
ORD-000340,U1028,2025-08-08,170.69,Books,Shymkent,completed
ORD-001702,U1235,2024-03-26,226.95,Home,Atyrau,completed
ORD-001520,U1213,2024-03-24,106.76,Sports,Kostanay,completed
ORD-000326,U1026,2025-12-12,109.26,Home,Almaty,completed
ORD-000767,U1067,2025-10-09,106.87,Clothing,Almaty,completed
ORD-000342,U1028,2025-09-15,304.01,Electronics,Shymkent,completed
ORD-001088,U1105,2024-11-30,71.04,Home,Karaganda,completed
ORD-001421,U1198,2024-08-02,88.81,Accessories,Aktobe,completed
ORD-001975,U1316,2024-05-08,56.8,Home,Karaganda,completed
ORD-001804,U1251,2025-05-30,339.42,Electronics,Astana,completed
ORD-000743,U1064,2025-11-10,88.59,Home,Almaty,completed
ORD-001092,U1106,2024-10-23,114.72,Beauty,Shymkent,completed
ORD-002118,U1129,2025-02-20,0,Sports,Aktobe,cancelled
ORD-001799,U1250,2024-10-21,136.63,Beauty,Karaganda,completed
ORD-001087,U1105,2024-11-15,92.45,Clothing,Karaganda,completed
ORD-001153,U1114,2025-02-04,86.46,Clothing,Atyrau,completed
ORD-002126,U1293,2025-11-19,0,Clothing,Atyrau,cancelled
ORD-002100,U1333,,67.27,Home,Kostanay,completed
ORD-001231,U1148,2025-12-29,22.48,Books,Atyrau,completed
ORD-001077,U1104,2025-11-10,143.74,Home,Pavlodar,completed
ORD-000725,U1062,2025-10-26,53.44,Books,Atyrau,completed
ORD-001525,U1213,2025-03-14,66.82,Accessories,Kostanay,completed
ORD-001503,U1210,2025-04-11,82.45,Accessories,Shymkent,completed
ORD-001939,U1303,2024-08-28,30.2,Books,Karaganda,completed
ORD-000035,U1004,2025-07-14,356.27,Electronics,Pavlodar,completed
ORD-001590,U1221,2024-05-19,85.0,Accessories,Pavlodar,completed
ORD-000601,U1047,2025-01-25,287.59,Home,Atyrau,completed
ORD-001394,U1194,2024-04-14,344.96,Home,Pavlodar,completed
ORD-000291,U1023,2025-07-17,184.44,Home,Kostanay,completed
ORD-000400,U1032,2025-10-16,122.82,Clothing,Shymkent,completed
ORD-001047,U1101,2024-12-09,204.29,Home,Almaty,completed
ORD-000815,U1073,2025-02-11,74.08,Beauty,Aktobe,completed
ORD-001707,U1236,2024-08-05,110.69,Clothing,Atyrau,completed
ORD-001034,U1100,2024-08-27,127.76,Home,Pavlodar,completed
ORD-000170,U1014,2025-11-17,119.77,Books,Almaty,completed
ORD-001134,U1112,2025-05-01,59.38,Beauty,Pavlodar,completed
ORD-000894,U1083,2025-03-04,293.89,Home,Almaty,completed
ORD-000927,U1087,2024-11-24,27.62,Books,Aktobe,completed
ORD-000629,U1050,2025-04-18,88.16,Beauty,Kostanay,completed
ORD-000712,U1061,2024-10-25,106.95,Books,Karaganda,completed
ORD-002116,U1307,2025-05-13,0,Beauty,Almaty,cancelled
ORD-000606,U1048,2024-07-29,92.66,Accessories,Pavlodar,completed
ORD-001460,U1203,2025-01-12,258.17,Beauty,Astana,completed
ORD-001128,U1111,2025-07-26,113.62,Home,Shymkent,completed
ORD-001921,U1297,2024-03-09,10.05,Books,Pavlodar,completed
ORD-000228,U1018,2025-10-18,186.02,Sports,Karaganda,completed
ORD-000937,U1088,2024-11-24,328.57,Sports,Almaty,completed
ORD-000466,U1037,2025-07-06,118.22,Clothing,Kostanay,completed
ORD-000194,U1016,2025-10-02,51.59,Books,Almaty,completed
ORD-000259,U1020,2025-12-15,218.79,Home,Astana,completed
ORD-001113,U1109,2025-11-04,45.43,Books,Karaganda,completed
ORD-001814,U1253,2024-12-23,62.12,Accessories,Kostanay,completed
ORD-001403,U1196,2024-10-25,383.38,Sports,Shymkent,completed
ORD-000874,U1080,2025-10-26,40.42,Books,Shymkent,completed
ORD-001768,U1246,2025-03-07,72.96,Accessories,Astana,completed
ORD-001602,U1222,2025-04-16,102.1,Electronics,Aktobe,completed
ORD-000130,U1010,2025-12-19,305.81,Electronics,Kostanay,completed
ORD-002008,U1330,2024-04-21,39.84,Clothing,Almaty,completed
ORD-001064,U1103,2025-03-03,242.2,Electronics,Astana,completed
ORD-001564,U1218,2024-05-05,79.44,Books,Kostanay,completed
ORD-000702,U1060,2024-05-26,14.19,Books,Pavlodar,completed
ORD-001987,U1321,2024-07-20,162.88,Home,Astana,completed
ORD-001764,U1246,2024-07-20,109.51,Home,Astana,completed
ORD-001359,U1189,2025-05-18,282.74,Electronics,Aktobe,completed
ORD-000935,U1088,2024-07-07,310.91,Electronics,Almaty,completed
ORD-001125,U1111,2024-09-07,123.67,Sports,Shymkent,completed
ORD-001963,U1311,2024-01-09,42.93,Accessories,Karaganda,completed
ORD-000999,U1095,2025-04-04,106.89,Sports,Karaganda,completed
ORD-001653,U1229,2024-01-22,90.56,Books,Aktobe,completed
ORD-000699,U1059,2025-07-03,105.62,Clothing,Shymkent,completed
ORD-001906,U1289,2024-07-12,135.35,Electronics,Atyrau,completed
ORD-000382,U1031,2025-07-15,157.23,Books,Kostanay,completed
ORD-001690,U1233,2024-11-12,250.55,Home,Karaganda,completed
ORD-000691,U1058,2025-08-09,54.09,Books,Kostanay,completed
ORD-001054,U1102,2025-06-07,145.19,Electronics,Almaty,completed
ORD-001574,U1219,2024-11-19,150.53,Clothing,Aktobe,completed
ORD-000107,U1009,2025-09-22,70.98,Beauty,Almaty,completed
ORD-000573,U1044,2025-11-12,159.16,Sports,Karaganda,completed
ORD-001526,U1213,2025-05-02,40.21,Books,Kostanay,completed
ORD-000242,U1019,2025-12-20,70.11,Home,Shymkent,completed
ORD-001981,U1317,2024-08-27,170.21,Home,Astana,completed
ORD-001118,U1110,2025-04-21,151.09,Sports,Shymkent,completed
ORD-000539,U1042,2025-07-03,275.59,Home,Aktobe,completed
ORD-001273,U1172,2025-12-10,142.55,Home,Pavlodar,completed
ORD-000929,U1087,2025-03-13,74.59,Books,Aktobe,completed
ORD-000440,U1035,2025-09-08,131.59,Clothing,Astana,completed
ORD-000926,U1087,2024-09-19,30.56,Books,Aktobe,completed
ORD-000831,U1075,2024-10-13,105.53,Accessories,Shymkent,completed
ORD-001726,U1239,2025-03-14,160.01,Beauty,Atyrau,completed
ORD-001674,U1231,2024-08-03,179.54,Electronics,Pavlodar,completed
ORD-001288,U1180,2025-11-28,98.6,Accessories,Shymkent,completed
ORD-000385,U1031,2025-10-25,144.43,Accessories,Kostanay,completed
ORD-000705,U1060,2024-08-18,144.51,Accessories,Pavlodar,completed
ORD-000991,U1094,2024-07-28,44.1,Books,Almaty,completed
ORD-000985,U1093,2024-11-27,151.12,Beauty,Aktobe,completed
ORD-001172,U1118,2025-12-19,83.03,Beauty,Pavlodar,completed
ORD-002132,U1158,2025-03-11,-164.27,Accessories,Pavlodar,refunded
ORD-002024,U1337,2024-07-10,31.0,Beauty,Pavlodar,completed
ORD-000813,U1073,2024-11-04,46.04,Beauty,Aktobe,completed
ORD-000332,U1027,2025-09-22,234.18,Beauty,Karaganda,completed
ORD-000488,U1038,2025-10-15,150.25,Accessories,Almaty,completed
ORD-001628,U1226,2024-06-06,126.7,Clothing,Kostanay,completed
ORD-000070,U1006,2025-11-21,222.7,Electronics,Almaty,completed
ORD-001300,U1182,2024-03-29,136.47,Sports,Karaganda,completed
ORD-002078,U1357,2024-07-18,77.13,Electronics,Shymkent,completed
ORD-000030,U1003,2025-10-04,599.09,Electronics,Karaganda,completed
ORD-000374,U1030,2025-10-28,97.62,Beauty,Aktobe,completed
ORD-000406,U1033,2025-07-21,208.62,Electronics,Karaganda,completed
ORD-001627,U1226,2024-05-10,183.99,Sports,Kostanay,completed
ORD-000099,U1008,2025-12-26,549.08,Home,Pavlodar,completed
ORD-001295,U1181,2024-10-28,122.45,Clothing,Almaty,completed
ORD-000789,U1070,2024-07-05,136.22,Sports,Shymkent,completed
ORD-001910,U1291,2024-05-17,35.13,Beauty,Kostanay,completed
ORD-001532,U1214,2024-12-17,35.21,Accessories,Astana,completed
ORD-001810,U1253,2024-09-28,180.07,Sports,Kostanay,completed
ORD-001509,U1211,2025-01-18,181.85,Electronics,Pavlodar,completed
ORD-001187,U1127,2025-12-03,197.32,Beauty,Aktobe,completed
ORD-000298,U1023,2025-12-31,383.29,Accessories,Kostanay,completed
ORD-001355,U1189,2024-11-24,101.31,Home,Aktobe,completed
ORD-000768,U1068,2024-07-27,89.45,Accessories,Almaty,completed
ORD-000865,U1079,2024-08-18,326.6,Home,Almaty,completed
ORD-000672,U1055,2025-06-14,288.19,Sports,Aktobe,completed
ORD-000270,U1021,2025-09-26,135.14,Accessories,Astana,completed
ORD-001557,U1217,2025-01-28,137.96,Sports,Kostanay,completed
ORD-000547,U1042,2025-10-25,112.73,Clothing,Aktobe,completed
ORD-001183,U1125,2025-11-25,100.34,Sports,Almaty,completed
ORD-001059,U1103,2024-08-18,83.08,Electronics,Astana,completed
ORD-001065,U1103,2025-05-03,309.08,Electronics,Astana,completed
ORD-001210,U1138,2025-11-27,15.1,Books,Aktobe,completed
ORD-002055,U1349,2024-07-10,63.94,Sports,Karaganda,completed
ORD-000947,U1089,2024-08-02,91.0,Beauty,Karaganda,completed
ORD-001456,U1203,2024-04-17,205.43,Home,Astana,completed
ORD-000674,U1056,2024-05-13,134.3,Accessories,Kostanay,completed
ORD-000649,U1052,2025-12-12,118.89,Sports,Karaganda,completed
ORD-001749,U1243,2024-06-11,218.57,Clothing,Atyrau,completed
ORD-001496,U1209,2025-04-19,49.29,Books,Aktobe,completed
ORD-000379,U1030,2025-12-12,241.09,Sports,Aktobe,completed
ORD-000514,U1040,2025-07-07,109.97,Sports,Astana,completed
ORD-000464,U1036,2025-12-22,146.2,Beauty,Pavlodar,completed
ORD-000512,U1039,2025-12-18,238.61,Clothing,Atyrau,completed
ORD-000216,U1017,2025-12-24,28.2,Books,Kostanay,completed
ORD-001260,U1166,2025-12-08,81.19,Clothing,Aktobe,completed
ORD-000579,U1045,2025-08-10,99.42,Sports,Astana,completed
ORD-000828,U1074,2025-08-31,212.54,Home,Pavlodar,completed
ORD-001469,U1204,2025-01-21,187.57,Electronics,Astana,completed
ORD-000195,U1016,2025-10-15,203.87,Electronics,Almaty,completed
ORD-001523,U1213,2024-12-22,64.83,Accessories,Kostanay,completed
ORD-000169,U1014,2025-11-15,429.5,Electronics,Almaty,completed
ORD-001351,U1189,2024-02-16,247.23,Electronics,Aktobe,completed
ORD-002025,U1338,2024-03-13,67.11,Home,Astana,completed
ORD-000293,U1023,2025-08-21,289.55,Home,Kostanay,completed
ORD-001650,U1228,2024-07-11,185.09,Sports,Almaty,completed
ORD-000266,U1021,2025-08-24,78.34,Sports,Astana,completed
ORD-001055,U1102,2025-07-26,430.24,Electronics,Almaty,completed
ORD-000450,U1035,2025-12-05,65.66,Beauty,Astana,completed
ORD-000258,U1020,2025-12-13,484.66,Clothing,Astana,completed
ORD-000402,U1032,2025-12-05,93.59,Accessories,Shymkent,completed
ORD-001170,U1116,2025-12-28,72.63,Clothing,Karaganda,completed
ORD-001745,U1242,2025-01-26,445.3,Home,Astana,completed
ORD-001703,U1235,2024-09-26,31.95,Books,Atyrau,completed
ORD-001534,U1214,2025-01-25,180.74,Clothing,Astana,completed
ORD-001010,U1097,2024-07-03,40.66,Books,Pavlodar,completed
ORD-001907,U1289,2024-10-25,44.04,Books,Atyrau,completed
ORD-000198,U1016,2025-11-26,42.34,Books,Almaty,completed
ORD-001468,U1204,2024-11-11,85.8,Sports,Astana,completed
ORD-001369,U1191,2024-10-13,311.98,Electronics,Shymkent,completed
ORD-001257,U1164,2025-11-08,55.82,Home,Kostanay,completed
ORD-000749,U1065,2025-03-17,60.47,Books,Pavlodar,completed
ORD-001106,U1108,2025-05-30,76.28,Beauty,Kostanay,completed
ORD-001345,U1188,2024-02-16,110.31,Books,Pavlodar,completed
ORD-000662,U1054,2024-11-29,244.33,Electronics,Aktobe,completed
ORD-001863,U1269,2024-01-30,89.6,Home,Aktobe,completed
ORD-000527,U1041,2025-07-04,181.98,Clothing,Almaty,completed
ORD-000962,U1090,2025-03-27,101.06,Sports,Shymkent,completed
ORD-000976,U1092,2025-02-12,207.75,Home,Atyrau,completed
ORD-000638,U1051,2025-06-02,61.76,Beauty,Almaty,completed
ORD-000002,U1001,2025-07-27,86.12,Books,Astana,completed
ORD-001305,U1182,2025-05-09,67.2,Accessories,Karaganda,completed
ORD-001836,U1257,2024-04-12,47.39,Accessories,Almaty,completed
ORD-001236,U1150,2025-12-26,77.55,Beauty,Atyrau,completed
ORD-001755,U1244,2025-03-19,89.95,Books,Aktobe,completed
ORD-000276,U1022,2025-07-05,76.34,Accessories,Almaty,completed
ORD-000902,U1084,2025-03-23,131.55,Home,Astana,completed
ORD-001100,U1107,2025-07-10,119.38,Electronics,Kostanay,completed
ORD-001754,U1244,2025-03-09,125.52,Sports,Aktobe,completed
ORD-001914,U1293,2024-04-27,32.44,Accessories,Karaganda,completed
ORD-000952,U1089,2025-03-28,375.16,Home,Karaganda,completed
ORD-000975,U1092,2024-09-30,600.29,Electronics,Atyrau,completed
ORD-000231,U1018,2025-12-18,224.33,Accessories,Karaganda,completed
ORD-000136,U1011,2025-10-31,72.48,Accessories,Shymkent,completed
ORD-000860,U1078,2025-04-04,93.35,Clothing,Atyrau,completed
ORD-002101,U1292,,239.05,Electronics,Karaganda,completed
ORD-002019,U1335,2024-10-28,80.55,Electronics,Atyrau,completed
ORD-000715,U1061,2025-02-26,88.28,Sports,Karaganda,completed
ORD-000031,U1003,2025-11-03,129.39,Sports,Karaganda,completed
ORD-000206,U1017,2025-10-01,138.46,Sports,Kostanay,completed
ORD-000324,U1026,2025-11-24,118.75,Books,Almaty,completed
ORD-000348,U1028,2025-11-09,132.74,Home,Shymkent,completed
ORD-001076,U1104,2025-04-09,520.39,Clothing,Pavlodar,completed
ORD-001845,U1261,2024-09-14,38.13,Beauty,Shymkent,completed
ORD-001226,U1146,2025-11-06,66.77,Accessories,Aktobe,completed
ORD-001857,U1265,2024-03-12,79.68,Electronics,Astana,completed
ORD-000773,U1068,2025-06-25,304.34,Clothing,Almaty,completed
ORD-001105,U1108,2025-04-06,383.34,Sports,Kostanay,completed
ORD-000096,U1008,2025-11-20,75.31,Accessories,Pavlodar,completed
ORD-000835,U1075,2025-12-07,135.85,Home,Shymkent,completed
ORD-000296,U1023,2025-09-19,95.86,Beauty,Kostanay,completed
ORD-001786,U1249,2024-04-14,79.88,Sports,Kostanay,completed
ORD-001506,U1211,2024-06-29,171.63,Clothing,Pavlodar,completed
ORD-000071,U1006,2025-12-06,60.26,Books,Almaty,completed
ORD-000964,U1090,2025-05-13,86.01,Sports,Shymkent,completed
ORD-001816,U1253,2025-03-03,80.29,Home,Kostanay,completed
ORD-000680,U1057,2025-05-23,69.34,Home,Aktobe,completed
ORD-001951,U1306,2024-08-14,31.49,Books,Atyrau,completed
ORD-001605,U1223,2024-05-01,52.2,Books,Kostanay,completed
ORD-000059,U1005,2025-12-31,119.58,Sports,Atyrau,completed
ORD-002105,U1029,2025-08-17,,Sports,Karaganda,completed
ORD-001274,U1173,2025-12-04,107.56,Electronics,Kostanay,completed
ORD-000544,U1042,2025-09-16,177.71,Clothing,Aktobe,completed
ORD-001724,U1239,2024-06-29,134.11,Clothing,Atyrau,completed
ORD-000765,U1067,2025-02-12,111.9,Clothing,Almaty,completed
ORD-001281,U1175,2025-11-06,138.98,Home,Shymkent,completed
ORD-000827,U1074,2025-01-16,59.53,Beauty,Pavlodar,completed
ORD-000627,U1050,2025-01-20,49.1,Books,Kostanay,completed
ORD-000418,U1034,2025-07-02,360.75,Electronics,Almaty,completed
ORD-001019,U1098,2024-07-21,134.38,Home,Atyrau,completed
ORD-000062,U1006,2025-08-11,249.84,Electronics,Almaty,completed
ORD-000333,U1027,2025-10-28,84.12,Home,Karaganda,completed
ORD-001611,U1223,2025-05-15,78.28,Books,Kostanay,completed
ORD-000225,U1018,2025-10-11,74.79,Books,Karaganda,completed
ORD-001801,U1251,2024-01-18,306.71,Clothing,Astana,completed
ORD-000748,U1065,2025-02-08,37.22,Accessories,Pavlodar,completed
ORD-002076,U1357,2024-02-16,35.4,Home,Shymkent,completed
ORD-001370,U1191,2024-11-21,196.11,Home,Shymkent,completed
ORD-001880,U1276,2024-09-02,52.98,Accessories,Shymkent,completed
ORD-001658,U1229,2024-05-25,84.48,Books,Aktobe,completed
ORD-001520,U1213,2024-03-24,106.76,Sports,Kostanay,completed
ORD-000311,U1025,2025-10-01,229.35,Home,Karaganda,completed
ORD-001862,U1268,2024-03-21,21.96,Beauty,Atyrau,completed
ORD-000358,U1029,2025-09-28,134.14,Beauty,Aktobe,completed
ORD-000354,U1029,2025-08-23,88.7,Beauty,Aktobe,completed
ORD-000859,U1078,2025-03-16,117.56,Sports,Atyrau,completed
ORD-000323,U1026,2025-10-15,125.48,Beauty,Almaty,completed
ORD-001687,U1233,2024-04-19,236.37,Electronics,Karaganda,completed
ORD-000850,U1077,2025-05-10,122.75,Home,Atyrau,completed
ORD-001265,U1168,2025-12-26,198.32,Electronics,Shymkent,completed
ORD-000762,U1067,2024-10-17,239.28,Electronics,Almaty,completed
ORD-000601,U1047,2025-01-25,287.59,Home,Atyrau,completed
ORD-002050,U1346,2024-09-09,73.21,Accessories,Shymkent,completed
ORD-001946,U1305,2024-06-12,84.56,Electronics,Karaganda,completed
ORD-001775,U1247,2024-04-17,91.44,Books,Atyrau,completed
ORD-001922,U1297,2024-05-28,78.25,Sports,Pavlodar,completed
ORD-001644,U1227,2025-01-12,107.77,Clothing,Karaganda,completed
ORD-001222,U1144,2025-12-14,1397.64,Electronics,Pavlodar,completed
ORD-000126,U1010,2025-10-27,114.3,Beauty,Kostanay,completed
ORD-002124,U1056,2024-08-25,0,Clothing,Aktobe,cancelled
ORD-001562,U1218,2024-03-27,218.91,Home,Kostanay,completed
ORD-000963,U1090,2025-05-04,163.62,Sports,Shymkent,completed
ORD-001424,U1198,2024-12-01,77.89,Beauty,Aktobe,completed
ORD-000288,U1023,2025-07-10,331.67,Beauty,Kostanay,completed
ORD-000319,U1026,2025-07-12,202.16,Sports,Almaty,completed
ORD-001063,U1103,2025-02-21,75.81,Accessories,Astana,completed
ORD-000263,U1021,2025-08-09,217.28,Sports,Astana,completed
ORD-000019,U1002,2025-12-10,106.25,Sports,Shymkent,completed
ORD-001157,U1114,2025-05-01,39.13,Accessories,Atyrau,completed
ORD-000364,U1029,2025-12-28,56.55,Clothing,Aktobe,completed
ORD-000510,U1039,2025-11-26,138.2,Sports,Atyrau,completed
ORD-001736,U1241,2025-02-04,130.58,Beauty,Atyrau,completed
ORD-000289,U1023,2025-07-11,33.6,Beauty,Kostanay,completed
ORD-000093,U1008,2025-10-17,185.83,Electronics,Pavlodar,completed
ORD-000663,U1054,2025-02-27,96.29,Beauty,Aktobe,completed
ORD-001838,U1258,2024-05-03,48.7,Home,Almaty,completed
ORD-001326,U1185,2024-07-21,206.29,Clothing,Pavlodar,completed
ORD-001495,U1209,2025-04-09,55.89,Books,Aktobe,completed
ORD-000563,U1044,2025-07-16,247.21,Clothing,Karaganda,completed
ORD-000033,U1003,2025-11-16,143.86,Home,Karaganda,completed
ORD-000966,U1090,2025-07-12,25.37,Books,Shymkent,completed
ORD-001794,U1249,2025-03-09,238.3,Home,Kostanay,completed
ORD-002028,U1339,2024-08-29,112.62,Sports,Atyrau,completed
ORD-001660,U1229,2025-03-01,219.91,Beauty,Aktobe,completed
ORD-002117,U1058,2025-03-29,-221.01,Clothing,Kostanay,refunded
ORD-001333,U1186,2024-08-07,57.7,Accessories,Astana,completed
ORD-000173,U1014,2025-11-28,153.83,Beauty,Almaty,completed
ORD-001437,U1200,2024-12-14,83.5,Beauty,Karaganda,completed
ORD-000470,U1037,2025-07-30,83.29,Clothing,Kostanay,completed
ORD-000616,U1049,2025-02-12,217.97,Home,Kostanay,completed
ORD-001336,U1187,2024-02-03,205.09,Electronics,Astana,completed
ORD-001737,U1241,2025-02-06,135.23,Electronics,Atyrau,completed
ORD-000890,U1083,2024-05-17,111.2,Electronics,Almaty,completed
ORD-000134,U1011,2025-09-03,126.84,Home,Shymkent,completed
ORD-001714,U1237,2024-10-31,90.06,Accessories,Aktobe,completed
ORD-000635,U1051,2025-01-21,88.74,Home,Almaty,completed
ORD-000739,U1064,2025-03-02,107.66,Sports,Almaty,completed
ORD-002005,U1328,2024-06-23,94.3,Home,Atyrau,completed
ORD-000205,U1017,2025-09-30,95.31,Clothing,Kostanay,completed
ORD-001757,U1244,2025-05-14,120.55,Books,Aktobe,completed
ORD-001193,U1130,2025-11-07,110.84,Beauty,Atyrau,completed
ORD-000861,U1078,2025-05-16,414.46,Electronics,Atyrau,completed
ORD-001646,U1228,2024-03-12,212.92,Electronics,Almaty,completed
ORD-000779,U1069,2024-12-21,54.4,Accessories,Almaty,completed
ORD-000015,U1002,2025-09-07,142.97,Sports,Shymkent,completed
ORD-000034,U1003,2025-12-01,176.45,Sports,Karaganda,completed
ORD-000936,U1088,2024-10-29,182.61,Home,Almaty,completed
ORD-002093,,2025-11-26,70.98,Accessories,Atyrau,completed
ORD-001042,U1100,2025-12-13,57.98,Beauty,Pavlodar,completed
ORD-000523,U1040,2025-12-03,216.79,Accessories,Astana,completed
ORD-000979,U1092,2025-10-30,76.76,Sports,Atyrau,completed
ORD-000737,U1064,2024-12-12,158.55,Sports,Almaty,completed
ORD-001039,U1100,2025-01-26,83.91,Books,Pavlodar,completed
ORD-001638,U1227,2024-04-28,187.26,Accessories,Karaganda,completed
ORD-000186,U1016,2025-07-09,146.59,Beauty,Almaty,completed
ORD-000431,U1034,2025-11-07,87.59,Books,Almaty,completed
ORD-000392,U1032,2025-07-09,35.67,Books,Shymkent,completed
ORD-000851,U1077,2025-06-27,61.9,Home,Atyrau,completed
ORD-002060,U1351,2024-08-23,39.44,Sports,Astana,completed
ORD-001536,U1215,2024-05-06,123.37,Beauty,Almaty,completed
ORD-000734,U1064,2024-09-17,119.75,Sports,Almaty,completed
ORD-001239,U1152,2025-11-17,43.79,Books,Kostanay,completed
ORD-001517,U1212,2025-03-15,465.95,Home,Karaganda,completed
ORD-001002,U1095,2025-08-08,141.46,Home,Karaganda,completed
ORD-002074,U1356,2024-10-19,26.56,Books,Shymkent,completed
ORD-000430,U1034,2025-10-25,334.63,Electronics,Almaty,completed
ORD-001550,U1216,2024-11-07,42.07,Books,Atyrau,completed
ORD-000334,U1027,2025-11-05,57.29,Beauty,Karaganda,completed
ORD-000250,U1020,2025-08-19,223.89,Electronics,Astana,completed
ORD-001058,U1103,2024-06-10,328.43,Electronics,Astana,completed
ORD-002087,U1360,2024-03-15,84.68,Clothing,Kostanay,completed
ORD-001185,U1127,2025-12-02,69.02,Beauty,Aktobe,completed
ORD-001871,U1272,2024-10-09,103.31,Home,Pavlodar,completed
ORD-001038,U1100,2024-12-30,79.43,Sports,Pavlodar,completed
ORD-000359,U1029,2025-10-31,128.32,Electronics,Aktobe,completed
ORD-000191,U1016,2025-08-21,92.0,Books,Almaty,completed
ORD-000256,U1020,2025-11-08,197.88,Sports,Astana,completed
ORD-001669,U1230,2025-04-02,140.14,Electronics,Almaty,completed
ORD-001209,U1138,2025-11-21,34.11,Accessories,Aktobe,completed
ORD-001944,U1305,2024-02-29,57.41,Books,Karaganda,completed
ORD-001579,U1220,2024-01-10,578.53,Electronics,Kostanay,completed
ORD-000422,U1034,2025-07-18,55.77,Accessories,Almaty,completed
ORD-000407,U1033,2025-07-24,40.41,Books,Karaganda,completed
ORD-000818,U1073,2025-09-02,249.33,Clothing,Aktobe,completed
ORD-000899,U1084,2024-06-12,206.24,Electronics,Astana,completed
ORD-000916,U1086,2024-10-22,354.31,Electronics,Aktobe,completed
ORD-000101,U1009,2025-07-13,176.16,Accessories,Almaty,completed
ORD-000780,U1069,2025-01-16,51.45,Books,Almaty,completed
ORD-001973,U1315,2024-08-02,118.61,Home,Kostanay,completed
ORD-001516,U1212,2025-01-19,97.89,Clothing,Karaganda,completed
ORD-001750,U1243,2024-07-16,83.86,Beauty,Atyrau,completed
ORD-001524,U1213,2025-01-29,188.4,Home,Kostanay,completed
ORD-002001,U1326,2024-07-06,57.45,Sports,Atyrau,completed
ORD-000910,U1085,2025-06-28,136.14,Sports,Astana,completed
ORD-000053,U1005,2025-09-19,183.27,Clothing,Atyrau,completed
ORD-000769,U1068,2024-09-24,59.51,Sports,Almaty,completed
ORD-001942,U1304,2024-09-04,56.42,Sports,Karaganda,completed
ORD-001709,U1236,2025-04-10,98.05,Home,Atyrau,completed
ORD-000253,U1020,2025-09-04,169.57,Clothing,Astana,completed
ORD-000901,U1084,2025-03-09,174.93,Sports,Astana,completed
ORD-001988,U1321,2024-10-13,42.75,Accessories,Astana,completed
ORD-001841,U1259,2024-07-19,125.15,Electronics,Kostanay,completed
ORD-001798,U1250,2024-10-21,55.81,Books,Karaganda,completed
ORD-000282,U1022,2025-10-23,174.84,Sports,Almaty,completed
ORD-000056,U1005,2025-12-13,236.84,Electronics,Atyrau,completed
ORD-000728,U1063,2024-06-08,68.88,Beauty,Pavlodar,completed
ORD-001582,U1220,2024-05-26,70.8,Beauty,Kostanay,completed
ORD-000445,U1035,2025-10-20,98.91,Beauty,Astana,completed
ORD-001884,U1279,2024-09-12,25.04,Accessories,Astana,completed
ORD-001918,U1295,2024-01-18,97.24,Electronics,Astana,completed
ORD-000478,U1037,2025-11-19,221.01,Home,Kostanay,completed
ORD-000556,U1043,2025-08-25,143.63,Accessories,Astana,completed
ORD-000869,U1079,2025-11-01,100.47,Beauty,Almaty,completed
ORD-000335,U1027,2025-11-05,216.78,Beauty,Karaganda,completed
ORD-000621,U1049,2025-09-16,82.06,Clothing,Kostanay,completed
ORD-000414,U1033,2025-12-02,62.33,Accessories,Karaganda,completed
ORD-000428,U1034,2025-10-04,146.84,Accessories,Almaty,completed
ORD-001348,U1188,2025-02-08,88.94,Sports,Pavlodar,completed
ORD-000472,U1037,2025-08-14,144.09,Beauty,Kostanay,completed
ORD-001902,U1287,2024-02-09,46.59,Home,Karaganda,completed
ORD-000646,U1052,2025-07-14,131.35,Clothing,Karaganda,completed
ORD-001783,U1248,2024-10-30,152.83,Beauty,Aktobe,completed
ORD-000671,U1055,2025-05-17,101.39,Clothing,Aktobe,completed
ORD-000142,U1012,2025-08-20,367.7,Home,Astana,completed
ORD-001956,U1308,2024-05-24,46.97,Electronics,Almaty,completed
ORD-000714,U1061,2024-11-08,119.96,Sports,Karaganda,completed
ORD-001107,U1108,2025-10-26,49.41,Books,Kostanay,completed
ORD-000261,U1021,2025-07-20,38.95,Books,Astana,completed
ORD-001597,U1222,2024-02-06,140.91,Home,Aktobe,completed
ORD-000081,U1007,2025-11-19,71.7,Accessories,Atyrau,completed
ORD-001730,U1240,2024-08-16,15.17,Books,Pavlodar,completed
ORD-001935,U1300,2024-09-09,49.7,Books,Astana,completed
ORD-001233,U1149,2025-12-12,117.51,Clothing,Shymkent,completed
ORD-001093,U1106,2024-12-12,241.65,Sports,Shymkent,completed
ORD-000054,U1005,2025-10-10,111.93,Beauty,Atyrau,completed
ORD-000207,U1017,2025-10-03,62.34,Books,Kostanay,completed
ORD-000372,U1030,2025-09-23,128.15,Clothing,Aktobe,completed
ORD-000632,U1051,2024-05-27,30.85,Books,Almaty,completed
ORD-000423,U1034,2025-07-20,177.91,Home,Almaty,completed
ORD-001208,U1137,2025-12-30,70.33,Home,Kostanay,completed
ORD-001584,U1220,2024-09-22,86.26,Beauty,Kostanay,completed
ORD-000387,U1031,2025-10-27,137.07,Home,Kostanay,completed
ORD-000313,U1025,2025-10-28,82.88,Clothing,Karaganda,completed
ORD-001182,U1124,2025-12-31,422.85,Electronics,Aktobe,completed
ORD-001777,U1247,2024-08-17,84.89,Beauty,Atyrau,completed
ORD-001465,U1204,2024-02-19,345.95,Home,Astana,completed
ORD-002110,U1283,not_a_date,167.64,Books,Karaganda,completed
ORD-001830,U1255,2025-05-30,50.04,Books,Kostanay,completed
ORD-000727,U1063,2024-05-25,215.01,Electronics,Pavlodar,completed
ORD-001896,U1284,2024-07-04,234.41,Electronics,Atyrau,completed
ORD-001177,U1121,2025-12-04,37.69,Books,Astana,completed
ORD-002079,U1358,2024-03-31,121.66,Sports,Kostanay,completed
ORD-001577,U1219,2025-03-05,207.48,Electronics,Aktobe,completed
ORD-000411,U1033,2025-10-05,81.36,Accessories,Karaganda,completed
ORD-001363,U1190,2025-02-20,123.45,Clothing,Shymkent,completed
ORD-001339,U1187,2024-06-09,140.5,Beauty,Astana,completed
ORD-000938,U1088,2024-11-26,96.44,Home,Almaty,completed
ORD-001091,U1105,2025-09-22,30.8,Beauty,Karaganda,completed
ORD-000669,U1055,2024-11-04,39.99,Accessories,Aktobe,completed
ORD-001573,U1219,2024-07-16,115.04,Clothing,Aktobe,completed
ORD-001382,U1192,2025-01-06,33.32,Books,Aktobe,completed
ORD-001197,U1132,2025-11-02,49.78,Beauty,Almaty,completed
ORD-000457,U1036,2025-09-13,374.13,Sports,Pavlodar,completed
ORD-001753,U1244,2024-07-29,395.98,Sports,Aktobe,completed
ORD-000531,U1041,2025-08-14,698.67,Electronics,Almaty,completed
ORD-000309,U1025,2025-08-03,202.16,Home,Karaganda,completed
ORD-000875,U1080,2025-11-06,260.48,Electronics,Shymkent,completed
ORD-000661,U1054,2024-10-12,422.89,Electronics,Aktobe,completed
ORD-000462,U1036,2025-11-22,196.63,Sports,Pavlodar,completed
ORD-000018,U1002,2025-12-03,94.68,Sports,Shymkent,completed
ORD-000039,U1004,2025-10-14,46.94,Clothing,Pavlodar,completed
ORD-000799,U1071,2024-08-28,203.16,Sports,Astana,completed
ORD-001697,U1234,2024-12-15,46.03,Accessories,Shymkent,completed
ORD-001278,U1174,2025-11-28,44.39,Beauty,Almaty,completed
ORD-000014,U1002,2025-09-01,95.02,Clothing,Shymkent,completed
ORD-000602,U1047,2025-07-25,109.36,Beauty,Atyrau,completed
ORD-001178,U1122,2025-11-24,56.97,Clothing,Shymkent,completed
ORD-000823,U1074,2024-07-01,168.71,Home,Pavlodar,completed
ORD-000044,U1004,2025-12-15,150.85,Electronics,Pavlodar,completed
ORD-001822,U1254,2025-05-29,100.64,Sports,Shymkent,completed
ORD-000886,U1082,2025-11-23,106.11,Accessories,Karaganda,completed
ORD-001943,U1304,2024-09-28,166.7,Electronics,Karaganda,completed
ORD-001680,U1232,2024-06-08,174.69,Clothing,Pavlodar,completed
ORD-001515,U1212,2024-12-11,207.09,Clothing,Karaganda,completed
ORD-001419,U1198,2024-05-09,41.8,Books,Aktobe,completed
ORD-001600,U1222,2024-12-02,89.54,Beauty,Aktobe,completed
ORD-001081,U1105,2024-06-24,305.03,Sports,Karaganda,completed
ORD-000930,U1087,2025-08-03,238.76,Electronics,Aktobe,completed
ORD-000696,U1059,2025-03-26,207.67,Accessories,Shymkent,completed
ORD-001179,U1123,2025-12-24,123.24,Home,Astana,completed
ORD-001327,U1185,2024-08-06,198.83,Sports,Pavlodar,completed
ORD-000745,U1065,2024-05-05,128.69,Clothing,Pavlodar,completed
ORD-002056,U1350,2024-01-24,76.64,Clothing,Shymkent,completed
ORD-001354,U1189,2024-09-08,186.54,Electronics,Aktobe,completed
ORD-000624,U1050,2024-08-01,137.96,Books,Kostanay,completed
ORD-001849,U1262,2024-09-04,100.2,Home,Aktobe,completed
ORD-001908,U1290,2024-09-27,21.39,Accessories,Pavlodar,completed
ORD-001135,U1112,2025-07-31,113.96,Home,Pavlodar,completed
ORD-001766,U1246,2024-11-21,198.67,Clothing,Astana,completed
ORD-000300,U1024,2025-07-18,298.81,Home,Kostanay,completed
ORD-000782,U1069,2025-05-26,40.79,Accessories,Almaty,completed
ORD-001065,U1103,2025-05-03,309.08,Electronics,Astana,completed
ORD-000360,U1029,2025-11-03,181.53,Home,Aktobe,completed
ORD-000649,U1052,2025-12-12,118.89,Sports,Karaganda,completed
ORD-000461,U1036,2025-11-18,187.65,Electronics,Pavlodar,completed
ORD-000378,U1030,2025-11-17,286.27,Electronics,Aktobe,completed
ORD-000310,U1025,2025-08-30,179.76,Electronics,Karaganda,completed
ORD-000275,U1022,2025-07-02,389.25,Sports,Almaty,completed
ORD-001368,U1191,2024-10-06,183.38,Home,Shymkent,completed
ORD-001158,U1114,2025-05-05,46.52,Accessories,Atyrau,completed
ORD-002016,U1334,2024-06-24,34.62,Books,Pavlodar,completed
ORD-001340,U1187,2024-08-05,156.35,Home,Astana,completed
ORD-002066,U1353,2024-08-08,33.84,Sports,Shymkent,completed
ORD-000132,U1011,2025-07-19,296.48,Electronics,Shymkent,completed
ORD-001791,U1249,2024-10-11,36.19,Books,Kostanay,completed
ORD-000067,U1006,2025-09-29,152.83,Accessories,Almaty,completed
ORD-002119,U1324,2024-06-29,-102.09,Home,Aktobe,refunded
ORD-000247,U1020,2025-08-09,242.68,Electronics,Astana,completed
ORD-000197,U1016,2025-11-16,92.88,Books,Almaty,completed
ORD-001993,U1324,2024-01-06,69.4,Home,Karaganda,completed
ORD-001624,U1225,2024-11-07,77.88,Books,Atyrau,completed
ORD-001751,U1243,2024-09-17,246.64,Home,Atyrau,completed
ORD-001683,U1232,2024-12-11,183.78,Home,Pavlodar,completed
ORD-000489,U1038,2025-10-22,256.84,Clothing,Almaty,completed
ORD-000575,U1044,2025-12-12,38.41,Accessories,Karaganda,completed
ORD-000095,U1008,2025-11-10,86.27,Beauty,Pavlodar,completed
ORD-001046,U1101,2024-09-02,773.63,Electronics,Almaty,completed
ORD-001061,U1103,2024-11-12,153.12,Home,Astana,completed
ORD-000816,U1073,2025-06-12,118.16,Home,Aktobe,completed
ORD-001365,U1190,2025-05-27,183.22,Electronics,Shymkent,completed
ORD-001484,U1207,2025-02-28,128.47,Accessories,Atyrau,completed
ORD-001888,U1281,2024-04-24,85.44,Beauty,Pavlodar,completed
ORD-000933,U1087,2025-12-16,129.74,Home,Aktobe,completed
ORD-001919,U1295,2024-08-08,22.44,Books,Astana,completed
ORD-001316,U1184,2024-03-12,228.22,Sports,Almaty,completed
ORD-000755,U1066,2025-05-08,38.46,Books,Karaganda,completed
ORD-000880,U1081,2025-09-10,95.01,Beauty,Karaganda,completed
ORD-001827,U1255,2025-01-19,190.59,Sports,Kostanay,completed
ORD-001480,U1207,2024-02-10,69.92,Accessories,Atyrau,completed
ORD-001286,U1179,2025-12-23,443.83,Electronics,Karaganda,completed
ORD-000279,U1022,2025-08-08,445.24,Clothing,Almaty,completed
ORD-000576,U1045,2025-07-19,148.05,Beauty,Astana,completed
ORD-000090,U1008,2025-09-01,34.04,Beauty,Pavlodar,completed
ORD-001194,U1130,2025-11-28,44.54,Clothing,Atyrau,completed
ORD-001068,U1103,2025-09-11,158.21,Home,Astana,completed
ORD-001343,U1187,2025-04-11,77.41,Accessories,Astana,completed
ORD-001005,U1096,2025-08-18,147.29,Home,Shymkent,completed
ORD-001796,U1250,2024-04-06,42.81,Books,Karaganda,completed
ORD-000361,U1029,2025-11-21,93.34,Beauty,Aktobe,completed
ORD-000820,U1073,2025-10-21,28.57,Books,Aktobe,completed
ORD-001225,U1145,2025-12-29,116.67,Accessories,Almaty,completed
ORD-000617,U1049,2025-03-07,102.87,Beauty,Kostanay,completed
ORD-000622,U1050,2024-05-29,96.76,Accessories,Kostanay,completed
ORD-001695,U1234,2024-08-08,66.71,Beauty,Shymkent,completed
ORD-001330,U1185,2024-12-08,201.19,Sports,Pavlodar,completed
ORD-000304,U1024,2025-10-02,125.64,Books,Kostanay,completed
ORD-000551,U1042,2025-11-29,177.5,Home,Aktobe,completed
ORD-001933,U1300,2024-05-14,118.98,Beauty,Astana,completed
ORD-000455,U1036,2025-08-21,248.99,Electronics,Pavlodar,completed
ORD-001165,U1115,2024-09-23,41.49,Books,Astana,completed
ORD-001795,U1250,2024-01-04,82.5,Books,Karaganda,completed
ORD-001514,U1212,2024-12-10,154.55,Beauty,Karaganda,completed
ORD-001131,U1112,2024-08-03,204.11,Electronics,Pavlodar,completed
ORD-001404,U1196,2024-11-12,111.78,Beauty,Shymkent,completed
ORD-000230,U1018,2025-10-25,152.65,Home,Karaganda,completed
ORD-000416,U1033,2025-12-13,94.12,Books,Karaganda,completed
ORD-000243,U1020,2025-07-20,115.99,Accessories,Astana,completed
ORD-001537,U1215,2024-08-08,37.18,Beauty,Almaty,completed
ORD-001148,U1113,2025-12-26,266.03,Electronics,Pavlodar,completed
ORD-001024,U1098,2025-12-16,16.7,Beauty,Atyrau,completed
ORD-001995,U1324,2024-04-10,127.8,Electronics,Karaganda,completed
ORD-001598,U1222,2024-02-28,294.87,Electronics,Aktobe,completed
ORD-000189,U1016,2025-08-03,139.76,Accessories,Almaty,completed
ORD-001925,U1298,2024-06-12,30.86,Accessories,Pavlodar,completed
ORD-001965,U1311,2024-07-20,45.03,Sports,Karaganda,completed
ORD-001334,U1186,2025-03-11,217.01,Home,Astana,completed
ORD-000658,U1053,2025-06-18,198.06,Electronics,Shymkent,completed
ORD-000996,U1095,2024-11-04,65.5,Home,Karaganda,completed
ORD-000305,U1024,2025-10-07,138.2,Accessories,Kostanay,completed
ORD-000438,U1035,2025-07-26,98.89,Beauty,Astana,completed
ORD-001123,U1111,2024-06-12,69.11,Beauty,Shymkent,completed
ORD-001803,U1251,2024-10-24,97.56,Sports,Astana,completed
ORD-002061,U1351,2024-10-28,79.16,Home,Astana,completed
ORD-000881,U1081,2025-12-06,98.53,Accessories,Karaganda,completed
ORD-000817,U1073,2025-07-08,114.67,Beauty,Aktobe,completed
ORD-001335,U1186,2025-05-02,51.88,Sports,Astana,completed
ORD-001567,U1218,2024-07-30,122.93,Sports,Kostanay,completed
ORD-001752,U1243,2025-05-10,125.85,Accessories,Atyrau,completed
ORD-001319,U1184,2024-11-18,261.15,Electronics,Almaty,completed
ORD-000097,U1008,2025-12-15,297.5,Sports,Pavlodar,completed
ORD-001530,U1214,2024-08-17,77.07,Home,Astana,completed
ORD-001208,U1137,2025-12-30,70.33,Home,Kostanay,completed
ORD-001049,U1102,2024-07-11,105.17,Electronics,Almaty,completed
ORD-000855,U1078,2024-06-27,33.62,Beauty,Atyrau,completed
ORD-000829,U1075,2024-07-13,57.7,Beauty,Shymkent,completed
ORD-000080,U1007,2025-11-07,77.94,Books,Atyrau,completed
ORD-001124,U1111,2024-08-28,37.94,Books,Shymkent,completed
ORD-001872,U1273,2024-08-12,103.4,Electronics,Shymkent,completed
ORD-000574,U1044,2025-11-18,35.22,Accessories,Karaganda,completed
ORD-001449,U1202,2024-07-25,385.63,Beauty,Aktobe,completed
ORD-001675,U1231,2024-08-17,241.15,Clothing,Pavlodar,completed
ORD-000227,U1018,2025-10-15,246.27,Accessories,Karaganda,completed
ORD-001656,U1229,2024-04-15,511.51,Electronics,Aktobe,completed
ORD-000024,U1003,2025-07-01,131.71,Accessories,Karaganda,completed
